filename,document_type,label,split,base_id
C:\Users\rajsa\Desktop\document-forgery-ai\dataset\docs\id_card_003_forged_orig.jpg,id_card,forged,train,id_card_003
C:\Users\rajsa\Desktop\document-forgery-ai\dataset\docs\id_card_003_forged_scan.jpg,id_card,forged,train,id_card_003
C:\Users\rajsa\Desktop\document-forgery-ai\dataset\docs\id_card_003_forged_comp.jpg,id_card,forged,train,id_card_003
C:\Users\rajsa\Desktop\document-forgery-ai\dataset\docs\id_card_003_orig.jpg,id_card,genuine,train,id_card_003
C:\Users\rajsa\Desktop\document-forgery-ai\dataset\docs\id_card_003_scan.jpg,id_card,genuine,train,id_card_003
C:\Users\rajsa\Desktop\document-forgery-ai\dataset\docs\id_card_003_comp.jpg,id_card,genuine,train,id_card_003
C:\Users\rajsa\Desktop\document-forgery-ai\dataset\docs\id_card_003_shot.png,id_card,genuine,train,id_card_003
C:\Users\rajsa\Desktop\document-forgery-ai\dataset\docs\id_card_002_forged_orig.jpg,id_card,forged,train,id_card_002
C:\Users\rajsa\Desktop\document-forgery-ai\dataset\docs\id_card_002_forged_scan.jpg,id_card,forged,train,id_card_002
C:\Users\rajsa\Desktop\document-forgery-ai\dataset\docs\id_card_002_forged_comp.jpg,id_card,forged,train,id_card_002
C:\Users\rajsa\Desktop\document-forgery-ai\dataset\docs\id_card_002_orig.jpg,id_card,genuine,train,id_card_002
C:\Users\rajsa\Desktop\document-forgery-ai\dataset\docs\id_card_002_scan.jpg,id_card,genuine,train,id_card_002
C:\Users\rajsa\Desktop\document-forgery-ai\dataset\docs\id_card_002_comp.jpg,id_card,genuine,train,id_card_002
C:\Users\rajsa\Desktop\document-forgery-ai\dataset\docs\id_card_002_shot.png,id_card,genuine,train,id_card_002
C:\Users\rajsa\Desktop\document-forgery-ai\dataset\docs\marksheet_012_orig.jpg,marksheet,genuine,train,marksheet_012
C:\Users\rajsa\Desktop\document-forgery-ai\dataset\docs\marksheet_012_scan.jpg,marksheet,genuine,train,marksheet_012
C:\Users\rajsa\Desktop\document-forgery-ai\dataset\docs\marksheet_012_comp.jpg,marksheet,genuine,train,marksheet_012
C:\Users\rajsa\Desktop\document-forgery-ai\dataset\docs\marksheet_012_shot.png,marksheet,genuine,train,marksheet_012
C:\Users\rajsa\Desktop\document-forgery-ai\dataset\docs\marksheet_012_forged_orig.jpg,marksheet,forged,train,marksheet_012
C:\Users\rajsa\Desktop\document-forgery-ai\dataset\docs\marksheet_012_forged_scan.jpg,marksheet,forged,train,marksheet_012
C:\Users\rajsa\Desktop\document-forgery-ai\dataset\docs\marksheet_012_forged_comp.jpg,marksheet,forged,train,marksheet_012
C:\Users\rajsa\Desktop\document-forgery-ai\dataset\docs\certificate_010_orig.jpg,certificate,genuine,train,certificate_010
C:\Users\rajsa\Desktop\document-forgery-ai\dataset\docs\certificate_010_scan.jpg,certificate,genuine,train,certificate_010
C:\Users\rajsa\Desktop\document-forgery-ai\dataset\docs\certificate_010_comp.jpg,certificate,genuine,train,certificate_010
C:\Users\rajsa\Desktop\document-forgery-ai\dataset\docs\certificate_010_shot.png,certificate,genuine,train,certificate_010
C:\Users\rajsa\Desktop\document-forgery-ai\dataset\docs\certificate_010_forged_orig.jpg,certificate,forged,train,certificate_010
C:\Users\rajsa\Desktop\document-forgery-ai\dataset\docs\certificate_010_forged_scan.jpg,certificate,forged,train,certificate_010
C:\Users\rajsa\Desktop\document-forgery-ai\dataset\docs\certificate_010_forged_comp.jpg,certificate,forged,train,certificate_010
C:\Users\rajsa\Desktop\document-forgery-ai\dataset\docs\invoice_receipt_006_orig.jpg,invoice_receipt,genuine,train,invoice_receipt_006
C:\Users\rajsa\Desktop\document-forgery-ai\dataset\docs\invoice_receipt_006_scan.jpg,invoice_receipt,genuine,train,invoice_receipt_006
C:\Users\rajsa\Desktop\document-forgery-ai\dataset\docs\invoice_receipt_006_comp.jpg,invoice_receipt,genuine,train,invoice_receipt_006
C:\Users\rajsa\Desktop\document-forgery-ai\dataset\docs\invoice_receipt_006_shot.png,invoice_receipt,genuine,train,invoice_receipt_006
C:\Users\rajsa\Desktop\document-forgery-ai\dataset\docs\invoice_receipt_006_forged_orig.jpg,invoice_receipt,forged,train,invoice_receipt_006
C:\Users\rajsa\Desktop\document-forgery-ai\dataset\docs\invoice_receipt_006_forged_scan.jpg,invoice_receipt,forged,train,invoice_receipt_006
C:\Users\rajsa\Desktop\document-forgery-ai\dataset\docs\invoice_receipt_006_forged_comp.jpg,invoice_receipt,forged,train,invoice_receipt_006
C:\Users\rajsa\Desktop\document-forgery-ai\dataset\docs\id_card_011_orig.jpg,id_card,genuine,train,id_card_011
C:\Users\rajsa\Desktop\document-forgery-ai\dataset\docs\id_card_011_scan.jpg,id_card,genuine,train,id_card_011
C:\Users\rajsa\Desktop\document-forgery-ai\dataset\docs\id_card_011_comp.jpg,id_card,genuine,train,id_card_011
C:\Users\rajsa\Desktop\document-forgery-ai\dataset\docs\id_card_011_shot.png,id_card,genuine,train,id_card_011
C:\Users\rajsa\Desktop\document-forgery-ai\dataset\docs\id_card_011_forged_orig.jpg,id_card,forged,train,id_card_011
C:\Users\rajsa\Desktop\document-forgery-ai\dataset\docs\id_card_011_forged_scan.jpg,id_card,forged,train,id_card_011
C:\Users\rajsa\Desktop\document-forgery-ai\dataset\docs\id_card_011_forged_comp.jpg,id_card,forged,train,id_card_011
C:\Users\rajsa\Desktop\document-forgery-ai\dataset\docs\certificate_002_orig.jpg,certificate,genuine,train,certificate_002
C:\Users\rajsa\Desktop\document-forgery-ai\dataset\docs\certificate_002_scan.jpg,certificate,genuine,train,certificate_002
C:\Users\rajsa\Desktop\document-forgery-ai\dataset\docs\certificate_002_comp.jpg,certificate,genuine,train,certificate_002
C:\Users\rajsa\Desktop\document-forgery-ai\dataset\docs\certificate_002_shot.png,certificate,genuine,train,certificate_002
C:\Users\rajsa\Desktop\document-forgery-ai\dataset\docs\certificate_002_forged_orig.jpg,certificate,forged,train,certificate_002
C:\Users\rajsa\Desktop\document-forgery-ai\dataset\docs\certificate_002_forged_scan.jpg,certificate,forged,train,certificate_002
C:\Users\rajsa\Desktop\document-forgery-ai\dataset\docs\certificate_002_forged_comp.jpg,certificate,forged,train,certificate_002
C:\Users\rajsa\Desktop\document-forgery-ai\dataset\docs\invoice_receipt_011_orig.jpg,invoice_receipt,genuine,train,invoice_receipt_011
C:\Users\rajsa\Desktop\document-forgery-ai\dataset\docs\invoice_receipt_011_scan.jpg,invoice_receipt,genuine,train,invoice_receipt_011
C:\Users\rajsa\Desktop\document-forgery-ai\dataset\docs\invoice_receipt_011_comp.jpg,invoice_receipt,genuine,train,invoice_receipt_011
C:\Users\rajsa\Desktop\document-forgery-ai\dataset\docs\invoice_receipt_011_shot.png,invoice_receipt,genuine,train,invoice_receipt_011
C:\Users\rajsa\Desktop\document-forgery-ai\dataset\docs\invoice_receipt_011_forged_orig.jpg,invoice_receipt,forged,train,invoice_receipt_011
C:\Users\rajsa\Desktop\document-forgery-ai\dataset\docs\invoice_receipt_011_forged_scan.jpg,invoice_receipt,forged,train,invoice_receipt_011
C:\Users\rajsa\Desktop\document-forgery-ai\dataset\docs\invoice_receipt_011_forged_comp.jpg,invoice_receipt,forged,train,invoice_receipt_011
C:\Users\rajsa\Desktop\document-forgery-ai\dataset\docs\certificate_016_orig.jpg,certificate,genuine,train,certificate_016
C:\Users\rajsa\Desktop\document-forgery-ai\dataset\docs\certificate_016_scan.jpg,certificate,genuine,train,certificate_016
C:\Users\rajsa\Desktop\document-forgery-ai\dataset\docs\certificate_016_comp.jpg,certificate,genuine,train,certificate_016
C:\Users\rajsa\Desktop\document-forgery-ai\dataset\docs\certificate_016_shot.png,certificate,genuine,train,certificate_016
C:\Users\rajsa\Desktop\document-forgery-ai\dataset\docs\certificate_016_forged_orig.jpg,certificate,forged,train,certificate_016
C:\Users\rajsa\Desktop\document-forgery-ai\dataset\docs\certificate_016_forged_scan.jpg,certificate,forged,train,certificate_016
C:\Users\rajsa\Desktop\document-forgery-ai\dataset\docs\certificate_016_forged_comp.jpg,certificate,forged,train,certificate_016
C:\Users\rajsa\Desktop\document-forgery-ai\dataset\docs\invoice_receipt_019_forged_orig.jpg,invoice_receipt,forged,train,invoice_receipt_019
C:\Users\rajsa\Desktop\document-forgery-ai\dataset\docs\invoice_receipt_019_forged_scan.jpg,invoice_receipt,forged,train,invoice_receipt_019
C:\Users\rajsa\Desktop\document-forgery-ai\dataset\docs\invoice_receipt_019_forged_comp.jpg,invoice_receipt,forged,train,invoice_receipt_019
C:\Users\rajsa\Desktop\document-forgery-ai\dataset\docs\invoice_receipt_019_orig.jpg,invoice_receipt,genuine,train,invoice_receipt_019
C:\Users\rajsa\Desktop\document-forgery-ai\dataset\docs\invoice_receipt_019_scan.jpg,invoice_receipt,genuine,train,invoice_receipt_019
C:\Users\rajsa\Desktop\document-forgery-ai\dataset\docs\invoice_receipt_019_comp.jpg,invoice_receipt,genuine,train,invoice_receipt_019
C:\Users\rajsa\Desktop\document-forgery-ai\dataset\docs\invoice_receipt_019_shot.png,invoice_receipt,genuine,train,invoice_receipt_019
C:\Users\rajsa\Desktop\document-forgery-ai\dataset\docs\invoice_receipt_014_forged_orig.jpg,invoice_receipt,forged,train,invoice_receipt_014
C:\Users\rajsa\Desktop\document-forgery-ai\dataset\docs\invoice_receipt_014_forged_scan.jpg,invoice_receipt,forged,train,invoice_receipt_014
C:\Users\rajsa\Desktop\document-forgery-ai\dataset\docs\invoice_receipt_014_forged_comp.jpg,invoice_receipt,forged,train,invoice_receipt_014
C:\Users\rajsa\Desktop\document-forgery-ai\dataset\docs\invoice_receipt_014_orig.jpg,invoice_receipt,genuine,train,invoice_receipt_014
C:\Users\rajsa\Desktop\document-forgery-ai\dataset\docs\invoice_receipt_014_scan.jpg,invoice_receipt,genuine,train,invoice_receipt_014
C:\Users\rajsa\Desktop\document-forgery-ai\dataset\docs\invoice_receipt_014_comp.jpg,invoice_receipt,genuine,train,invoice_receipt_014
C:\Users\rajsa\Desktop\document-forgery-ai\dataset\docs\invoice_receipt_014_shot.png,invoice_receipt,genuine,train,invoice_receipt_014
C:\Users\rajsa\Desktop\document-forgery-ai\dataset\docs\certificate_011_orig.jpg,certificate,genuine,train,certificate_011
C:\Users\rajsa\Desktop\document-forgery-ai\dataset\docs\certificate_011_scan.jpg,certificate,genuine,train,certificate_011
C:\Users\rajsa\Desktop\document-forgery-ai\dataset\docs\certificate_011_comp.jpg,certificate,genuine,train,certificate_011
C:\Users\rajsa\Desktop\document-forgery-ai\dataset\docs\certificate_011_shot.png,certificate,genuine,train,certificate_011
C:\Users\rajsa\Desktop\document-forgery-ai\dataset\docs\certificate_011_forged_orig.jpg,certificate,forged,train,certificate_011
C:\Users\rajsa\Desktop\document-forgery-ai\dataset\docs\certificate_011_forged_scan.jpg,certificate,forged,train,certificate_011
C:\Users\rajsa\Desktop\document-forgery-ai\dataset\docs\certificate_011_forged_comp.jpg,certificate,forged,train,certificate_011
C:\Users\rajsa\Desktop\document-forgery-ai\dataset\docs\id_card_016_orig.jpg,id_card,genuine,train,id_card_016
C:\Users\rajsa\Desktop\document-forgery-ai\dataset\docs\id_card_016_scan.jpg,id_card,genuine,train,id_card_016
C:\Users\rajsa\Desktop\document-forgery-ai\dataset\docs\id_card_016_comp.jpg,id_card,genuine,train,id_card_016
C:\Users\rajsa\Desktop\document-forgery-ai\dataset\docs\id_card_016_shot.png,id_card,genuine,train,id_card_016
C:\Users\rajsa\Desktop\document-forgery-ai\dataset\docs\id_card_016_forged_orig.jpg,id_card,forged,train,id_card_016
C:\Users\rajsa\Desktop\document-forgery-ai\dataset\docs\id_card_016_forged_scan.jpg,id_card,forged,train,id_card_016
C:\Users\rajsa\Desktop\document-forgery-ai\dataset\docs\id_card_016_forged_comp.jpg,id_card,forged,train,id_card_016
C:\Users\rajsa\Desktop\document-forgery-ai\dataset\docs\id_card_017_forged_orig.jpg,id_card,forged,train,id_card_017
C:\Users\rajsa\Desktop\document-forgery-ai\dataset\docs\id_card_017_forged_scan.jpg,id_card,forged,train,id_card_017
C:\Users\rajsa\Desktop\document-forgery-ai\dataset\docs\id_card_017_forged_comp.jpg,id_card,forged,train,id_card_017
C:\Users\rajsa\Desktop\document-forgery-ai\dataset\docs\id_card_017_orig.jpg,id_card,genuine,train,id_card_017
C:\Users\rajsa\Desktop\document-forgery-ai\dataset\docs\id_card_017_scan.jpg,id_card,genuine,train,id_card_017
C:\Users\rajsa\Desktop\document-forgery-ai\dataset\docs\id_card_017_comp.jpg,id_card,genuine,train,id_card_017
C:\Users\rajsa\Desktop\document-forgery-ai\dataset\docs\id_card_017_shot.png,id_card,genuine,train,id_card_017
C:\Users\rajsa\Desktop\document-forgery-ai\dataset\docs\invoice_receipt_013_orig.jpg,invoice_receipt,genuine,train,invoice_receipt_013
C:\Users\rajsa\Desktop\document-forgery-ai\dataset\docs\invoice_receipt_013_scan.jpg,invoice_receipt,genuine,train,invoice_receipt_013
C:\Users\rajsa\Desktop\document-forgery-ai\dataset\docs\invoice_receipt_013_comp.jpg,invoice_receipt,genuine,train,invoice_receipt_013
C:\Users\rajsa\Desktop\document-forgery-ai\dataset\docs\invoice_receipt_013_shot.png,invoice_receipt,genuine,train,invoice_receipt_013
C:\Users\rajsa\Desktop\document-forgery-ai\dataset\docs\invoice_receipt_013_forged_orig.jpg,invoice_receipt,forged,train,invoice_receipt_013
C:\Users\rajsa\Desktop\document-forgery-ai\dataset\docs\invoice_receipt_013_forged_scan.jpg,invoice_receipt,forged,train,invoice_receipt_013
C:\Users\rajsa\Desktop\document-forgery-ai\dataset\docs\invoice_receipt_013_forged_comp.jpg,invoice_receipt,forged,train,invoice_receipt_013
C:\Users\rajsa\Desktop\document-forgery-ai\dataset\docs\id_card_006_orig.jpg,id_card,genuine,train,id_card_006
C:\Users\rajsa\Desktop\document-forgery-ai\dataset\docs\id_card_006_scan.jpg,id_card,genuine,train,id_card_006
C:\Users\rajsa\Desktop\document-forgery-ai\dataset\docs\id_card_006_comp.jpg,id_card,genuine,train,id_card_006
C:\Users\rajsa\Desktop\document-forgery-ai\dataset\docs\id_card_006_shot.png,id_card,genuine,train,id_card_006
C:\Users\rajsa\Desktop\document-forgery-ai\dataset\docs\id_card_006_forged_orig.jpg,id_card,forged,train,id_card_006
C:\Users\rajsa\Desktop\document-forgery-ai\dataset\docs\id_card_006_forged_scan.jpg,id_card,forged,train,id_card_006
C:\Users\rajsa\Desktop\document-forgery-ai\dataset\docs\id_card_006_forged_comp.jpg,id_card,forged,train,id_card_006
C:\Users\rajsa\Desktop\document-forgery-ai\dataset\docs\id_card_009_forged_orig.jpg,id_card,forged,train,id_card_009
C:\Users\rajsa\Desktop\document-forgery-ai\dataset\docs\id_card_009_forged_scan.jpg,id_card,forged,train,id_card_009
C:\Users\rajsa\Desktop\document-forgery-ai\dataset\docs\id_card_009_forged_comp.jpg,id_card,forged,train,id_card_009
C:\Users\rajsa\Desktop\document-forgery-ai\dataset\docs\id_card_009_orig.jpg,id_card,genuine,train,id_card_009
C:\Users\rajsa\Desktop\document-forgery-ai\dataset\docs\id_card_009_scan.jpg,id_card,genuine,train,id_card_009
C:\Users\rajsa\Desktop\document-forgery-ai\dataset\docs\id_card_009_comp.jpg,id_card,genuine,train,id_card_009
C:\Users\rajsa\Desktop\document-forgery-ai\dataset\docs\id_card_009_shot.png,id_card,genuine,train,id_card_009
C:\Users\rajsa\Desktop\document-forgery-ai\dataset\docs\marksheet_013_orig.jpg,marksheet,genuine,train,marksheet_013
C:\Users\rajsa\Desktop\document-forgery-ai\dataset\docs\marksheet_013_scan.jpg,marksheet,genuine,train,marksheet_013
C:\Users\rajsa\Desktop\document-forgery-ai\dataset\docs\marksheet_013_comp.jpg,marksheet,genuine,train,marksheet_013
C:\Users\rajsa\Desktop\document-forgery-ai\dataset\docs\marksheet_013_shot.png,marksheet,genuine,train,marksheet_013
C:\Users\rajsa\Desktop\document-forgery-ai\dataset\docs\marksheet_013_forged_orig.jpg,marksheet,forged,train,marksheet_013
C:\Users\rajsa\Desktop\document-forgery-ai\dataset\docs\marksheet_013_forged_scan.jpg,marksheet,forged,train,marksheet_013
C:\Users\rajsa\Desktop\document-forgery-ai\dataset\docs\marksheet_013_forged_comp.jpg,marksheet,forged,train,marksheet_013
C:\Users\rajsa\Desktop\document-forgery-ai\dataset\docs\invoice_receipt_017_forged_orig.jpg,invoice_receipt,forged,train,invoice_receipt_017
C:\Users\rajsa\Desktop\document-forgery-ai\dataset\docs\invoice_receipt_017_forged_scan.jpg,invoice_receipt,forged,train,invoice_receipt_017
C:\Users\rajsa\Desktop\document-forgery-ai\dataset\docs\invoice_receipt_017_forged_comp.jpg,invoice_receipt,forged,train,invoice_receipt_017
C:\Users\rajsa\Desktop\document-forgery-ai\dataset\docs\invoice_receipt_017_orig.jpg,invoice_receipt,genuine,train,invoice_receipt_017
C:\Users\rajsa\Desktop\document-forgery-ai\dataset\docs\invoice_receipt_017_scan.jpg,invoice_receipt,genuine,train,invoice_receipt_017
C:\Users\rajsa\Desktop\document-forgery-ai\dataset\docs\invoice_receipt_017_comp.jpg,invoice_receipt,genuine,train,invoice_receipt_017
C:\Users\rajsa\Desktop\document-forgery-ai\dataset\docs\invoice_receipt_017_shot.png,invoice_receipt,genuine,train,invoice_receipt_017
C:\Users\rajsa\Desktop\document-forgery-ai\dataset\docs\general_scanned_018_orig.jpg,general_scanned,genuine,train,general_scanned_018
C:\Users\rajsa\Desktop\document-forgery-ai\dataset\docs\general_scanned_018_scan.jpg,general_scanned,genuine,train,general_scanned_018
C:\Users\rajsa\Desktop\document-forgery-ai\dataset\docs\general_scanned_018_comp.jpg,general_scanned,genuine,train,general_scanned_018
C:\Users\rajsa\Desktop\document-forgery-ai\dataset\docs\general_scanned_018_shot.png,general_scanned,genuine,train,general_scanned_018
C:\Users\rajsa\Desktop\document-forgery-ai\dataset\docs\general_scanned_018_forged_orig.jpg,general_scanned,forged,train,general_scanned_018
C:\Users\rajsa\Desktop\document-forgery-ai\dataset\docs\general_scanned_018_forged_scan.jpg,general_scanned,forged,train,general_scanned_018
C:\Users\rajsa\Desktop\document-forgery-ai\dataset\docs\general_scanned_018_forged_comp.jpg,general_scanned,forged,train,general_scanned_018
C:\Users\rajsa\Desktop\document-forgery-ai\dataset\docs\general_scanned_011_forged_orig.jpg,general_scanned,forged,train,general_scanned_011
C:\Users\rajsa\Desktop\document-forgery-ai\dataset\docs\general_scanned_011_forged_scan.jpg,general_scanned,forged,train,general_scanned_011
C:\Users\rajsa\Desktop\document-forgery-ai\dataset\docs\general_scanned_011_forged_comp.jpg,general_scanned,forged,train,general_scanned_011
C:\Users\rajsa\Desktop\document-forgery-ai\dataset\docs\general_scanned_011_orig.jpg,general_scanned,genuine,train,general_scanned_011
C:\Users\rajsa\Desktop\document-forgery-ai\dataset\docs\general_scanned_011_scan.jpg,general_scanned,genuine,train,general_scanned_011
C:\Users\rajsa\Desktop\document-forgery-ai\dataset\docs\general_scanned_011_comp.jpg,general_scanned,genuine,train,general_scanned_011
C:\Users\rajsa\Desktop\document-forgery-ai\dataset\docs\general_scanned_011_shot.png,general_scanned,genuine,train,general_scanned_011
C:\Users\rajsa\Desktop\document-forgery-ai\dataset\docs\general_scanned_002_forged_orig.jpg,general_scanned,forged,train,general_scanned_002
C:\Users\rajsa\Desktop\document-forgery-ai\dataset\docs\general_scanned_002_forged_scan.jpg,general_scanned,forged,train,general_scanned_002
C:\Users\rajsa\Desktop\document-forgery-ai\dataset\docs\general_scanned_002_forged_comp.jpg,general_scanned,forged,train,general_scanned_002
C:\Users\rajsa\Desktop\document-forgery-ai\dataset\docs\general_scanned_002_orig.jpg,general_scanned,genuine,train,general_scanned_002
C:\Users\rajsa\Desktop\document-forgery-ai\dataset\docs\general_scanned_002_scan.jpg,general_scanned,genuine,train,general_scanned_002
C:\Users\rajsa\Desktop\document-forgery-ai\dataset\docs\general_scanned_002_comp.jpg,general_scanned,genuine,train,general_scanned_002
C:\Users\rajsa\Desktop\document-forgery-ai\dataset\docs\general_scanned_002_shot.png,general_scanned,genuine,train,general_scanned_002
C:\Users\rajsa\Desktop\document-forgery-ai\dataset\docs\general_scanned_013_orig.jpg,general_scanned,genuine,train,general_scanned_013
C:\Users\rajsa\Desktop\document-forgery-ai\dataset\docs\general_scanned_013_scan.jpg,general_scanned,genuine,train,general_scanned_013
C:\Users\rajsa\Desktop\document-forgery-ai\dataset\docs\general_scanned_013_comp.jpg,general_scanned,genuine,train,general_scanned_013
C:\Users\rajsa\Desktop\document-forgery-ai\dataset\docs\general_scanned_013_shot.png,general_scanned,genuine,train,general_scanned_013
C:\Users\rajsa\Desktop\document-forgery-ai\dataset\docs\general_scanned_013_forged_orig.jpg,general_scanned,forged,train,general_scanned_013
C:\Users\rajsa\Desktop\document-forgery-ai\dataset\docs\general_scanned_013_forged_scan.jpg,general_scanned,forged,train,general_scanned_013
C:\Users\rajsa\Desktop\document-forgery-ai\dataset\docs\general_scanned_013_forged_comp.jpg,general_scanned,forged,train,general_scanned_013
C:\Users\rajsa\Desktop\document-forgery-ai\dataset\docs\marksheet_017_orig.jpg,marksheet,genuine,train,marksheet_017
C:\Users\rajsa\Desktop\document-forgery-ai\dataset\docs\marksheet_017_scan.jpg,marksheet,genuine,train,marksheet_017
C:\Users\rajsa\Desktop\document-forgery-ai\dataset\docs\marksheet_017_comp.jpg,marksheet,genuine,train,marksheet_017
C:\Users\rajsa\Desktop\document-forgery-ai\dataset\docs\marksheet_017_shot.png,marksheet,genuine,train,marksheet_017
C:\Users\rajsa\Desktop\document-forgery-ai\dataset\docs\marksheet_017_forged_orig.jpg,marksheet,forged,train,marksheet_017
C:\Users\rajsa\Desktop\document-forgery-ai\dataset\docs\marksheet_017_forged_scan.jpg,marksheet,forged,train,marksheet_017
C:\Users\rajsa\Desktop\document-forgery-ai\dataset\docs\marksheet_017_forged_comp.jpg,marksheet,forged,train,marksheet_017
C:\Users\rajsa\Desktop\document-forgery-ai\dataset\docs\marksheet_001_orig.jpg,marksheet,genuine,train,marksheet_001
C:\Users\rajsa\Desktop\document-forgery-ai\dataset\docs\marksheet_001_scan.jpg,marksheet,genuine,train,marksheet_001
C:\Users\rajsa\Desktop\document-forgery-ai\dataset\docs\marksheet_001_comp.jpg,marksheet,genuine,train,marksheet_001
C:\Users\rajsa\Desktop\document-forgery-ai\dataset\docs\marksheet_001_shot.png,marksheet,genuine,train,marksheet_001
C:\Users\rajsa\Desktop\document-forgery-ai\dataset\docs\marksheet_001_forged_orig.jpg,marksheet,forged,train,marksheet_001
C:\Users\rajsa\Desktop\document-forgery-ai\dataset\docs\marksheet_001_forged_scan.jpg,marksheet,forged,train,marksheet_001
C:\Users\rajsa\Desktop\document-forgery-ai\dataset\docs\marksheet_001_forged_comp.jpg,marksheet,forged,train,marksheet_001
C:\Users\rajsa\Desktop\document-forgery-ai\dataset\docs\id_card_010_orig.jpg,id_card,genuine,train,id_card_010
C:\Users\rajsa\Desktop\document-forgery-ai\dataset\docs\id_card_010_scan.jpg,id_card,genuine,train,id_card_010
C:\Users\rajsa\Desktop\document-forgery-ai\dataset\docs\id_card_010_comp.jpg,id_card,genuine,train,id_card_010
C:\Users\rajsa\Desktop\document-forgery-ai\dataset\docs\id_card_010_shot.png,id_card,genuine,train,id_card_010
C:\Users\rajsa\Desktop\document-forgery-ai\dataset\docs\id_card_010_forged_orig.jpg,id_card,forged,train,id_card_010
C:\Users\rajsa\Desktop\document-forgery-ai\dataset\docs\id_card_010_forged_scan.jpg,id_card,forged,train,id_card_010
C:\Users\rajsa\Desktop\document-forgery-ai\dataset\docs\id_card_010_forged_comp.jpg,id_card,forged,train,id_card_010
C:\Users\rajsa\Desktop\document-forgery-ai\dataset\docs\marksheet_004_orig.jpg,marksheet,genuine,train,marksheet_004
C:\Users\rajsa\Desktop\document-forgery-ai\dataset\docs\marksheet_004_scan.jpg,marksheet,genuine,train,marksheet_004
C:\Users\rajsa\Desktop\document-forgery-ai\dataset\docs\marksheet_004_comp.jpg,marksheet,genuine,train,marksheet_004
C:\Users\rajsa\Desktop\document-forgery-ai\dataset\docs\marksheet_004_shot.png,marksheet,genuine,train,marksheet_004
C:\Users\rajsa\Desktop\document-forgery-ai\dataset\docs\marksheet_004_forged_orig.jpg,marksheet,forged,train,marksheet_004
C:\Users\rajsa\Desktop\document-forgery-ai\dataset\docs\marksheet_004_forged_scan.jpg,marksheet,forged,train,marksheet_004
C:\Users\rajsa\Desktop\document-forgery-ai\dataset\docs\marksheet_004_forged_comp.jpg,marksheet,forged,train,marksheet_004
C:\Users\rajsa\Desktop\document-forgery-ai\dataset\docs\general_scanned_007_orig.jpg,general_scanned,genuine,train,general_scanned_007
C:\Users\rajsa\Desktop\document-forgery-ai\dataset\docs\general_scanned_007_scan.jpg,general_scanned,genuine,train,general_scanned_007
C:\Users\rajsa\Desktop\document-forgery-ai\dataset\docs\general_scanned_007_comp.jpg,general_scanned,genuine,train,general_scanned_007
C:\Users\rajsa\Desktop\document-forgery-ai\dataset\docs\general_scanned_007_shot.png,general_scanned,genuine,train,general_scanned_007
C:\Users\rajsa\Desktop\document-forgery-ai\dataset\docs\general_scanned_007_forged_orig.jpg,general_scanned,forged,train,general_scanned_007
C:\Users\rajsa\Desktop\document-forgery-ai\dataset\docs\general_scanned_007_forged_scan.jpg,general_scanned,forged,train,general_scanned_007
C:\Users\rajsa\Desktop\document-forgery-ai\dataset\docs\general_scanned_007_forged_comp.jpg,general_scanned,forged,train,general_scanned_007
C:\Users\rajsa\Desktop\document-forgery-ai\dataset\docs\marksheet_008_forged_orig.jpg,marksheet,forged,train,marksheet_008
C:\Users\rajsa\Desktop\document-forgery-ai\dataset\docs\marksheet_008_forged_scan.jpg,marksheet,forged,train,marksheet_008
C:\Users\rajsa\Desktop\document-forgery-ai\dataset\docs\marksheet_008_forged_comp.jpg,marksheet,forged,train,marksheet_008
C:\Users\rajsa\Desktop\document-forgery-ai\dataset\docs\marksheet_008_orig.jpg,marksheet,genuine,train,marksheet_008
C:\Users\rajsa\Desktop\document-forgery-ai\dataset\docs\marksheet_008_scan.jpg,marksheet,genuine,train,marksheet_008
C:\Users\rajsa\Desktop\document-forgery-ai\dataset\docs\marksheet_008_comp.jpg,marksheet,genuine,train,marksheet_008
C:\Users\rajsa\Desktop\document-forgery-ai\dataset\docs\marksheet_008_shot.png,marksheet,genuine,train,marksheet_008
C:\Users\rajsa\Desktop\document-forgery-ai\dataset\docs\general_scanned_014_orig.jpg,general_scanned,genuine,train,general_scanned_014
C:\Users\rajsa\Desktop\document-forgery-ai\dataset\docs\general_scanned_014_scan.jpg,general_scanned,genuine,train,general_scanned_014
C:\Users\rajsa\Desktop\document-forgery-ai\dataset\docs\general_scanned_014_comp.jpg,general_scanned,genuine,train,general_scanned_014
C:\Users\rajsa\Desktop\document-forgery-ai\dataset\docs\general_scanned_014_shot.png,general_scanned,genuine,train,general_scanned_014
C:\Users\rajsa\Desktop\document-forgery-ai\dataset\docs\general_scanned_014_forged_orig.jpg,general_scanned,forged,train,general_scanned_014
C:\Users\rajsa\Desktop\document-forgery-ai\dataset\docs\general_scanned_014_forged_scan.jpg,general_scanned,forged,train,general_scanned_014
C:\Users\rajsa\Desktop\document-forgery-ai\dataset\docs\general_scanned_014_forged_comp.jpg,general_scanned,forged,train,general_scanned_014
C:\Users\rajsa\Desktop\document-forgery-ai\dataset\docs\certificate_009_forged_orig.jpg,certificate,forged,train,certificate_009
C:\Users\rajsa\Desktop\document-forgery-ai\dataset\docs\certificate_009_forged_scan.jpg,certificate,forged,train,certificate_009
C:\Users\rajsa\Desktop\document-forgery-ai\dataset\docs\certificate_009_forged_comp.jpg,certificate,forged,train,certificate_009
C:\Users\rajsa\Desktop\document-forgery-ai\dataset\docs\certificate_009_orig.jpg,certificate,genuine,train,certificate_009
C:\Users\rajsa\Desktop\document-forgery-ai\dataset\docs\certificate_009_scan.jpg,certificate,genuine,train,certificate_009
C:\Users\rajsa\Desktop\document-forgery-ai\dataset\docs\certificate_009_comp.jpg,certificate,genuine,train,certificate_009
C:\Users\rajsa\Desktop\document-forgery-ai\dataset\docs\certificate_009_shot.png,certificate,genuine,train,certificate_009
C:\Users\rajsa\Desktop\document-forgery-ai\dataset\docs\id_card_008_forged_orig.jpg,id_card,forged,train,id_card_008
C:\Users\rajsa\Desktop\document-forgery-ai\dataset\docs\id_card_008_forged_scan.jpg,id_card,forged,train,id_card_008
C:\Users\rajsa\Desktop\document-forgery-ai\dataset\docs\id_card_008_forged_comp.jpg,id_card,forged,train,id_card_008
C:\Users\rajsa\Desktop\document-forgery-ai\dataset\docs\id_card_008_orig.jpg,id_card,genuine,train,id_card_008
C:\Users\rajsa\Desktop\document-forgery-ai\dataset\docs\id_card_008_scan.jpg,id_card,genuine,train,id_card_008
C:\Users\rajsa\Desktop\document-forgery-ai\dataset\docs\id_card_008_comp.jpg,id_card,genuine,train,id_card_008
C:\Users\rajsa\Desktop\document-forgery-ai\dataset\docs\id_card_008_shot.png,id_card,genuine,train,id_card_008
C:\Users\rajsa\Desktop\document-forgery-ai\dataset\docs\id_card_020_orig.jpg,id_card,genuine,train,id_card_020
C:\Users\rajsa\Desktop\document-forgery-ai\dataset\docs\id_card_020_scan.jpg,id_card,genuine,train,id_card_020
C:\Users\rajsa\Desktop\document-forgery-ai\dataset\docs\id_card_020_comp.jpg,id_card,genuine,train,id_card_020
C:\Users\rajsa\Desktop\document-forgery-ai\dataset\docs\id_card_020_shot.png,id_card,genuine,train,id_card_020
C:\Users\rajsa\Desktop\document-forgery-ai\dataset\docs\id_card_020_forged_orig.jpg,id_card,forged,train,id_card_020
C:\Users\rajsa\Desktop\document-forgery-ai\dataset\docs\id_card_020_forged_scan.jpg,id_card,forged,train,id_card_020
C:\Users\rajsa\Desktop\document-forgery-ai\dataset\docs\id_card_020_forged_comp.jpg,id_card,forged,train,id_card_020
C:\Users\rajsa\Desktop\document-forgery-ai\dataset\docs\invoice_receipt_004_orig.jpg,invoice_receipt,genuine,train,invoice_receipt_004
C:\Users\rajsa\Desktop\document-forgery-ai\dataset\docs\invoice_receipt_004_scan.jpg,invoice_receipt,genuine,train,invoice_receipt_004
C:\Users\rajsa\Desktop\document-forgery-ai\dataset\docs\invoice_receipt_004_comp.jpg,invoice_receipt,genuine,train,invoice_receipt_004
C:\Users\rajsa\Desktop\document-forgery-ai\dataset\docs\invoice_receipt_004_shot.png,invoice_receipt,genuine,train,invoice_receipt_004
C:\Users\rajsa\Desktop\document-forgery-ai\dataset\docs\invoice_receipt_004_forged_orig.jpg,invoice_receipt,forged,train,invoice_receipt_004
C:\Users\rajsa\Desktop\document-forgery-ai\dataset\docs\invoice_receipt_004_forged_scan.jpg,invoice_receipt,forged,train,invoice_receipt_004
C:\Users\rajsa\Desktop\document-forgery-ai\dataset\docs\invoice_receipt_004_forged_comp.jpg,invoice_receipt,forged,train,invoice_receipt_004
C:\Users\rajsa\Desktop\document-forgery-ai\dataset\docs\invoice_receipt_015_orig.jpg,invoice_receipt,genuine,train,invoice_receipt_015
C:\Users\rajsa\Desktop\document-forgery-ai\dataset\docs\invoice_receipt_015_scan.jpg,invoice_receipt,genuine,train,invoice_receipt_015
C:\Users\rajsa\Desktop\document-forgery-ai\dataset\docs\invoice_receipt_015_comp.jpg,invoice_receipt,genuine,train,invoice_receipt_015
C:\Users\rajsa\Desktop\document-forgery-ai\dataset\docs\invoice_receipt_015_shot.png,invoice_receipt,genuine,train,invoice_receipt_015
C:\Users\rajsa\Desktop\document-forgery-ai\dataset\docs\invoice_receipt_015_forged_orig.jpg,invoice_receipt,forged,train,invoice_receipt_015
C:\Users\rajsa\Desktop\document-forgery-ai\dataset\docs\invoice_receipt_015_forged_scan.jpg,invoice_receipt,forged,train,invoice_receipt_015
C:\Users\rajsa\Desktop\document-forgery-ai\dataset\docs\invoice_receipt_015_forged_comp.jpg,invoice_receipt,forged,train,invoice_receipt_015
C:\Users\rajsa\Desktop\document-forgery-ai\dataset\docs\id_card_005_orig.jpg,id_card,genuine,train,id_card_005
C:\Users\rajsa\Desktop\document-forgery-ai\dataset\docs\id_card_005_scan.jpg,id_card,genuine,train,id_card_005
C:\Users\rajsa\Desktop\document-forgery-ai\dataset\docs\id_card_005_comp.jpg,id_card,genuine,train,id_card_005
C:\Users\rajsa\Desktop\document-forgery-ai\dataset\docs\id_card_005_shot.png,id_card,genuine,train,id_card_005
C:\Users\rajsa\Desktop\document-forgery-ai\dataset\docs\id_card_005_forged_orig.jpg,id_card,forged,train,id_card_005
C:\Users\rajsa\Desktop\document-forgery-ai\dataset\docs\id_card_005_forged_scan.jpg,id_card,forged,train,id_card_005
C:\Users\rajsa\Desktop\document-forgery-ai\dataset\docs\id_card_005_forged_comp.jpg,id_card,forged,train,id_card_005
C:\Users\rajsa\Desktop\document-forgery-ai\dataset\docs\marksheet_019_orig.jpg,marksheet,genuine,train,marksheet_019
C:\Users\rajsa\Desktop\document-forgery-ai\dataset\docs\marksheet_019_scan.jpg,marksheet,genuine,train,marksheet_019
C:\Users\rajsa\Desktop\document-forgery-ai\dataset\docs\marksheet_019_comp.jpg,marksheet,genuine,train,marksheet_019
C:\Users\rajsa\Desktop\document-forgery-ai\dataset\docs\marksheet_019_shot.png,marksheet,genuine,train,marksheet_019
C:\Users\rajsa\Desktop\document-forgery-ai\dataset\docs\marksheet_019_forged_orig.jpg,marksheet,forged,train,marksheet_019
C:\Users\rajsa\Desktop\document-forgery-ai\dataset\docs\marksheet_019_forged_scan.jpg,marksheet,forged,train,marksheet_019
C:\Users\rajsa\Desktop\document-forgery-ai\dataset\docs\marksheet_019_forged_comp.jpg,marksheet,forged,train,marksheet_019
C:\Users\rajsa\Desktop\document-forgery-ai\dataset\docs\id_card_013_orig.jpg,id_card,genuine,train,id_card_013
C:\Users\rajsa\Desktop\document-forgery-ai\dataset\docs\id_card_013_scan.jpg,id_card,genuine,train,id_card_013
C:\Users\rajsa\Desktop\document-forgery-ai\dataset\docs\id_card_013_comp.jpg,id_card,genuine,train,id_card_013
C:\Users\rajsa\Desktop\document-forgery-ai\dataset\docs\id_card_013_shot.png,id_card,genuine,train,id_card_013
C:\Users\rajsa\Desktop\document-forgery-ai\dataset\docs\id_card_013_forged_orig.jpg,id_card,forged,train,id_card_013
C:\Users\rajsa\Desktop\document-forgery-ai\dataset\docs\id_card_013_forged_scan.jpg,id_card,forged,train,id_card_013
C:\Users\rajsa\Desktop\document-forgery-ai\dataset\docs\id_card_013_forged_comp.jpg,id_card,forged,train,id_card_013
C:\Users\rajsa\Desktop\document-forgery-ai\dataset\docs\marksheet_006_forged_orig.jpg,marksheet,forged,train,marksheet_006
C:\Users\rajsa\Desktop\document-forgery-ai\dataset\docs\marksheet_006_forged_scan.jpg,marksheet,forged,train,marksheet_006
C:\Users\rajsa\Desktop\document-forgery-ai\dataset\docs\marksheet_006_forged_comp.jpg,marksheet,forged,train,marksheet_006
C:\Users\rajsa\Desktop\document-forgery-ai\dataset\docs\marksheet_006_orig.jpg,marksheet,genuine,train,marksheet_006
C:\Users\rajsa\Desktop\document-forgery-ai\dataset\docs\marksheet_006_scan.jpg,marksheet,genuine,train,marksheet_006
C:\Users\rajsa\Desktop\document-forgery-ai\dataset\docs\marksheet_006_comp.jpg,marksheet,genuine,train,marksheet_006
C:\Users\rajsa\Desktop\document-forgery-ai\dataset\docs\marksheet_006_shot.png,marksheet,genuine,train,marksheet_006
C:\Users\rajsa\Desktop\document-forgery-ai\dataset\docs\certificate_013_orig.jpg,certificate,genuine,train,certificate_013
C:\Users\rajsa\Desktop\document-forgery-ai\dataset\docs\certificate_013_scan.jpg,certificate,genuine,train,certificate_013
C:\Users\rajsa\Desktop\document-forgery-ai\dataset\docs\certificate_013_comp.jpg,certificate,genuine,train,certificate_013
C:\Users\rajsa\Desktop\document-forgery-ai\dataset\docs\certificate_013_shot.png,certificate,genuine,train,certificate_013
C:\Users\rajsa\Desktop\document-forgery-ai\dataset\docs\certificate_013_forged_orig.jpg,certificate,forged,train,certificate_013
C:\Users\rajsa\Desktop\document-forgery-ai\dataset\docs\certificate_013_forged_scan.jpg,certificate,forged,train,certificate_013
C:\Users\rajsa\Desktop\document-forgery-ai\dataset\docs\certificate_013_forged_comp.jpg,certificate,forged,train,certificate_013
C:\Users\rajsa\Desktop\document-forgery-ai\dataset\docs\general_scanned_017_forged_orig.jpg,general_scanned,forged,train,general_scanned_017
C:\Users\rajsa\Desktop\document-forgery-ai\dataset\docs\general_scanned_017_forged_scan.jpg,general_scanned,forged,train,general_scanned_017
C:\Users\rajsa\Desktop\document-forgery-ai\dataset\docs\general_scanned_017_forged_comp.jpg,general_scanned,forged,train,general_scanned_017
C:\Users\rajsa\Desktop\document-forgery-ai\dataset\docs\general_scanned_017_orig.jpg,general_scanned,genuine,train,general_scanned_017
C:\Users\rajsa\Desktop\document-forgery-ai\dataset\docs\general_scanned_017_scan.jpg,general_scanned,genuine,train,general_scanned_017
C:\Users\rajsa\Desktop\document-forgery-ai\dataset\docs\general_scanned_017_comp.jpg,general_scanned,genuine,train,general_scanned_017
C:\Users\rajsa\Desktop\document-forgery-ai\dataset\docs\general_scanned_017_shot.png,general_scanned,genuine,train,general_scanned_017
C:\Users\rajsa\Desktop\document-forgery-ai\dataset\docs\general_scanned_004_orig.jpg,general_scanned,genuine,train,general_scanned_004
C:\Users\rajsa\Desktop\document-forgery-ai\dataset\docs\general_scanned_004_scan.jpg,general_scanned,genuine,train,general_scanned_004
C:\Users\rajsa\Desktop\document-forgery-ai\dataset\docs\general_scanned_004_comp.jpg,general_scanned,genuine,train,general_scanned_004
C:\Users\rajsa\Desktop\document-forgery-ai\dataset\docs\general_scanned_004_shot.png,general_scanned,genuine,train,general_scanned_004
C:\Users\rajsa\Desktop\document-forgery-ai\dataset\docs\general_scanned_004_forged_orig.jpg,general_scanned,forged,train,general_scanned_004
C:\Users\rajsa\Desktop\document-forgery-ai\dataset\docs\general_scanned_004_forged_scan.jpg,general_scanned,forged,train,general_scanned_004
C:\Users\rajsa\Desktop\document-forgery-ai\dataset\docs\general_scanned_004_forged_comp.jpg,general_scanned,forged,train,general_scanned_004
C:\Users\rajsa\Desktop\document-forgery-ai\dataset\docs\general_scanned_020_orig.jpg,general_scanned,genuine,train,general_scanned_020
C:\Users\rajsa\Desktop\document-forgery-ai\dataset\docs\general_scanned_020_scan.jpg,general_scanned,genuine,train,general_scanned_020
C:\Users\rajsa\Desktop\document-forgery-ai\dataset\docs\general_scanned_020_comp.jpg,general_scanned,genuine,train,general_scanned_020
C:\Users\rajsa\Desktop\document-forgery-ai\dataset\docs\general_scanned_020_shot.png,general_scanned,genuine,train,general_scanned_020
C:\Users\rajsa\Desktop\document-forgery-ai\dataset\docs\general_scanned_020_forged_orig.jpg,general_scanned,forged,train,general_scanned_020
C:\Users\rajsa\Desktop\document-forgery-ai\dataset\docs\general_scanned_020_forged_scan.jpg,general_scanned,forged,train,general_scanned_020
C:\Users\rajsa\Desktop\document-forgery-ai\dataset\docs\general_scanned_020_forged_comp.jpg,general_scanned,forged,train,general_scanned_020
C:\Users\rajsa\Desktop\document-forgery-ai\dataset\docs\id_card_001_forged_orig.jpg,id_card,forged,train,id_card_001
C:\Users\rajsa\Desktop\document-forgery-ai\dataset\docs\id_card_001_forged_scan.jpg,id_card,forged,train,id_card_001
C:\Users\rajsa\Desktop\document-forgery-ai\dataset\docs\id_card_001_forged_comp.jpg,id_card,forged,train,id_card_001
C:\Users\rajsa\Desktop\document-forgery-ai\dataset\docs\id_card_001_orig.jpg,id_card,genuine,train,id_card_001
C:\Users\rajsa\Desktop\document-forgery-ai\dataset\docs\id_card_001_scan.jpg,id_card,genuine,train,id_card_001
C:\Users\rajsa\Desktop\document-forgery-ai\dataset\docs\id_card_001_comp.jpg,id_card,genuine,train,id_card_001
C:\Users\rajsa\Desktop\document-forgery-ai\dataset\docs\id_card_001_shot.png,id_card,genuine,train,id_card_001
C:\Users\rajsa\Desktop\document-forgery-ai\dataset\docs\certificate_019_forged_orig.jpg,certificate,forged,train,certificate_019
C:\Users\rajsa\Desktop\document-forgery-ai\dataset\docs\certificate_019_forged_scan.jpg,certificate,forged,train,certificate_019
C:\Users\rajsa\Desktop\document-forgery-ai\dataset\docs\certificate_019_forged_comp.jpg,certificate,forged,train,certificate_019
C:\Users\rajsa\Desktop\document-forgery-ai\dataset\docs\certificate_019_orig.jpg,certificate,genuine,train,certificate_019
C:\Users\rajsa\Desktop\document-forgery-ai\dataset\docs\certificate_019_scan.jpg,certificate,genuine,train,certificate_019
C:\Users\rajsa\Desktop\document-forgery-ai\dataset\docs\certificate_019_comp.jpg,certificate,genuine,train,certificate_019
C:\Users\rajsa\Desktop\document-forgery-ai\dataset\docs\certificate_019_shot.png,certificate,genuine,train,certificate_019
C:\Users\rajsa\Desktop\document-forgery-ai\dataset\docs\invoice_receipt_007_orig.jpg,invoice_receipt,genuine,train,invoice_receipt_007
C:\Users\rajsa\Desktop\document-forgery-ai\dataset\docs\invoice_receipt_007_scan.jpg,invoice_receipt,genuine,train,invoice_receipt_007
C:\Users\rajsa\Desktop\document-forgery-ai\dataset\docs\invoice_receipt_007_comp.jpg,invoice_receipt,genuine,train,invoice_receipt_007
C:\Users\rajsa\Desktop\document-forgery-ai\dataset\docs\invoice_receipt_007_shot.png,invoice_receipt,genuine,train,invoice_receipt_007
C:\Users\rajsa\Desktop\document-forgery-ai\dataset\docs\invoice_receipt_007_forged_orig.jpg,invoice_receipt,forged,train,invoice_receipt_007
C:\Users\rajsa\Desktop\document-forgery-ai\dataset\docs\invoice_receipt_007_forged_scan.jpg,invoice_receipt,forged,train,invoice_receipt_007
C:\Users\rajsa\Desktop\document-forgery-ai\dataset\docs\invoice_receipt_007_forged_comp.jpg,invoice_receipt,forged,train,invoice_receipt_007
C:\Users\rajsa\Desktop\document-forgery-ai\dataset\docs\invoice_receipt_002_forged_orig.jpg,invoice_receipt,forged,train,invoice_receipt_002
C:\Users\rajsa\Desktop\document-forgery-ai\dataset\docs\invoice_receipt_002_forged_scan.jpg,invoice_receipt,forged,train,invoice_receipt_002
C:\Users\rajsa\Desktop\document-forgery-ai\dataset\docs\invoice_receipt_002_forged_comp.jpg,invoice_receipt,forged,train,invoice_receipt_002
C:\Users\rajsa\Desktop\document-forgery-ai\dataset\docs\invoice_receipt_002_orig.jpg,invoice_receipt,genuine,train,invoice_receipt_002
C:\Users\rajsa\Desktop\document-forgery-ai\dataset\docs\invoice_receipt_002_scan.jpg,invoice_receipt,genuine,train,invoice_receipt_002
C:\Users\rajsa\Desktop\document-forgery-ai\dataset\docs\invoice_receipt_002_comp.jpg,invoice_receipt,genuine,train,invoice_receipt_002
C:\Users\rajsa\Desktop\document-forgery-ai\dataset\docs\invoice_receipt_002_shot.png,invoice_receipt,genuine,train,invoice_receipt_002
C:\Users\rajsa\Desktop\document-forgery-ai\dataset\docs\invoice_receipt_001_orig.jpg,invoice_receipt,genuine,train,invoice_receipt_001
C:\Users\rajsa\Desktop\document-forgery-ai\dataset\docs\invoice_receipt_001_scan.jpg,invoice_receipt,genuine,train,invoice_receipt_001
C:\Users\rajsa\Desktop\document-forgery-ai\dataset\docs\invoice_receipt_001_comp.jpg,invoice_receipt,genuine,train,invoice_receipt_001
C:\Users\rajsa\Desktop\document-forgery-ai\dataset\docs\invoice_receipt_001_shot.png,invoice_receipt,genuine,train,invoice_receipt_001
C:\Users\rajsa\Desktop\document-forgery-ai\dataset\docs\invoice_receipt_001_forged_orig.jpg,invoice_receipt,forged,train,invoice_receipt_001
C:\Users\rajsa\Desktop\document-forgery-ai\dataset\docs\invoice_receipt_001_forged_scan.jpg,invoice_receipt,forged,train,invoice_receipt_001
C:\Users\rajsa\Desktop\document-forgery-ai\dataset\docs\invoice_receipt_001_forged_comp.jpg,invoice_receipt,forged,train,invoice_receipt_001
C:\Users\rajsa\Desktop\document-forgery-ai\dataset\docs\certificate_008_orig.jpg,certificate,genuine,train,certificate_008
C:\Users\rajsa\Desktop\document-forgery-ai\dataset\docs\certificate_008_scan.jpg,certificate,genuine,train,certificate_008
C:\Users\rajsa\Desktop\document-forgery-ai\dataset\docs\certificate_008_comp.jpg,certificate,genuine,train,certificate_008
C:\Users\rajsa\Desktop\document-forgery-ai\dataset\docs\certificate_008_shot.png,certificate,genuine,train,certificate_008
C:\Users\rajsa\Desktop\document-forgery-ai\dataset\docs\certificate_008_forged_orig.jpg,certificate,forged,train,certificate_008
C:\Users\rajsa\Desktop\document-forgery-ai\dataset\docs\certificate_008_forged_scan.jpg,certificate,forged,train,certificate_008
C:\Users\rajsa\Desktop\document-forgery-ai\dataset\docs\certificate_008_forged_comp.jpg,certificate,forged,train,certificate_008
C:\Users\rajsa\Desktop\document-forgery-ai\dataset\docs\general_scanned_015_orig.jpg,general_scanned,genuine,train,general_scanned_015
C:\Users\rajsa\Desktop\document-forgery-ai\dataset\docs\general_scanned_015_scan.jpg,general_scanned,genuine,train,general_scanned_015
C:\Users\rajsa\Desktop\document-forgery-ai\dataset\docs\general_scanned_015_comp.jpg,general_scanned,genuine,train,general_scanned_015
C:\Users\rajsa\Desktop\document-forgery-ai\dataset\docs\general_scanned_015_shot.png,general_scanned,genuine,train,general_scanned_015
C:\Users\rajsa\Desktop\document-forgery-ai\dataset\docs\general_scanned_015_forged_orig.jpg,general_scanned,forged,train,general_scanned_015
C:\Users\rajsa\Desktop\document-forgery-ai\dataset\docs\general_scanned_015_forged_scan.jpg,general_scanned,forged,train,general_scanned_015
C:\Users\rajsa\Desktop\document-forgery-ai\dataset\docs\general_scanned_015_forged_comp.jpg,general_scanned,forged,train,general_scanned_015
C:\Users\rajsa\Desktop\document-forgery-ai\dataset\docs\marksheet_020_orig.jpg,marksheet,genuine,train,marksheet_020
C:\Users\rajsa\Desktop\document-forgery-ai\dataset\docs\marksheet_020_scan.jpg,marksheet,genuine,train,marksheet_020
C:\Users\rajsa\Desktop\document-forgery-ai\dataset\docs\marksheet_020_comp.jpg,marksheet,genuine,train,marksheet_020
C:\Users\rajsa\Desktop\document-forgery-ai\dataset\docs\marksheet_020_shot.png,marksheet,genuine,train,marksheet_020
C:\Users\rajsa\Desktop\document-forgery-ai\dataset\docs\marksheet_020_forged_orig.jpg,marksheet,forged,train,marksheet_020
C:\Users\rajsa\Desktop\document-forgery-ai\dataset\docs\marksheet_020_forged_scan.jpg,marksheet,forged,train,marksheet_020
C:\Users\rajsa\Desktop\document-forgery-ai\dataset\docs\marksheet_020_forged_comp.jpg,marksheet,forged,train,marksheet_020
C:\Users\rajsa\Desktop\document-forgery-ai\dataset\docs\id_card_007_orig.jpg,id_card,genuine,train,id_card_007
C:\Users\rajsa\Desktop\document-forgery-ai\dataset\docs\id_card_007_scan.jpg,id_card,genuine,train,id_card_007
C:\Users\rajsa\Desktop\document-forgery-ai\dataset\docs\id_card_007_comp.jpg,id_card,genuine,train,id_card_007
C:\Users\rajsa\Desktop\document-forgery-ai\dataset\docs\id_card_007_shot.png,id_card,genuine,train,id_card_007
C:\Users\rajsa\Desktop\document-forgery-ai\dataset\docs\id_card_007_forged_orig.jpg,id_card,forged,train,id_card_007
C:\Users\rajsa\Desktop\document-forgery-ai\dataset\docs\id_card_007_forged_scan.jpg,id_card,forged,train,id_card_007
C:\Users\rajsa\Desktop\document-forgery-ai\dataset\docs\id_card_007_forged_comp.jpg,id_card,forged,train,id_card_007
C:\Users\rajsa\Desktop\document-forgery-ai\dataset\docs\certificate_003_orig.jpg,certificate,genuine,train,certificate_003
C:\Users\rajsa\Desktop\document-forgery-ai\dataset\docs\certificate_003_scan.jpg,certificate,genuine,train,certificate_003
C:\Users\rajsa\Desktop\document-forgery-ai\dataset\docs\certificate_003_comp.jpg,certificate,genuine,train,certificate_003
C:\Users\rajsa\Desktop\document-forgery-ai\dataset\docs\certificate_003_shot.png,certificate,genuine,train,certificate_003
C:\Users\rajsa\Desktop\document-forgery-ai\dataset\docs\certificate_003_forged_orig.jpg,certificate,forged,train,certificate_003
C:\Users\rajsa\Desktop\document-forgery-ai\dataset\docs\certificate_003_forged_scan.jpg,certificate,forged,train,certificate_003
C:\Users\rajsa\Desktop\document-forgery-ai\dataset\docs\certificate_003_forged_comp.jpg,certificate,forged,train,certificate_003
C:\Users\rajsa\Desktop\document-forgery-ai\dataset\docs\id_card_012_forged_orig.jpg,id_card,forged,train,id_card_012
C:\Users\rajsa\Desktop\document-forgery-ai\dataset\docs\id_card_012_forged_scan.jpg,id_card,forged,train,id_card_012
C:\Users\rajsa\Desktop\document-forgery-ai\dataset\docs\id_card_012_forged_comp.jpg,id_card,forged,train,id_card_012
C:\Users\rajsa\Desktop\document-forgery-ai\dataset\docs\id_card_012_orig.jpg,id_card,genuine,train,id_card_012
C:\Users\rajsa\Desktop\document-forgery-ai\dataset\docs\id_card_012_scan.jpg,id_card,genuine,train,id_card_012
C:\Users\rajsa\Desktop\document-forgery-ai\dataset\docs\id_card_012_comp.jpg,id_card,genuine,train,id_card_012
C:\Users\rajsa\Desktop\document-forgery-ai\dataset\docs\id_card_012_shot.png,id_card,genuine,train,id_card_012
C:\Users\rajsa\Desktop\document-forgery-ai\dataset\docs\certificate_017_forged_orig.jpg,certificate,forged,train,certificate_017
C:\Users\rajsa\Desktop\document-forgery-ai\dataset\docs\certificate_017_forged_scan.jpg,certificate,forged,train,certificate_017
C:\Users\rajsa\Desktop\document-forgery-ai\dataset\docs\certificate_017_forged_comp.jpg,certificate,forged,train,certificate_017
C:\Users\rajsa\Desktop\document-forgery-ai\dataset\docs\certificate_017_orig.jpg,certificate,genuine,train,certificate_017
C:\Users\rajsa\Desktop\document-forgery-ai\dataset\docs\certificate_017_scan.jpg,certificate,genuine,train,certificate_017
C:\Users\rajsa\Desktop\document-forgery-ai\dataset\docs\certificate_017_comp.jpg,certificate,genuine,train,certificate_017
C:\Users\rajsa\Desktop\document-forgery-ai\dataset\docs\certificate_017_shot.png,certificate,genuine,train,certificate_017
C:\Users\rajsa\Desktop\document-forgery-ai\dataset\docs\general_scanned_019_orig.jpg,general_scanned,genuine,train,general_scanned_019
C:\Users\rajsa\Desktop\document-forgery-ai\dataset\docs\general_scanned_019_scan.jpg,general_scanned,genuine,train,general_scanned_019
C:\Users\rajsa\Desktop\document-forgery-ai\dataset\docs\general_scanned_019_comp.jpg,general_scanned,genuine,train,general_scanned_019
C:\Users\rajsa\Desktop\document-forgery-ai\dataset\docs\general_scanned_019_shot.png,general_scanned,genuine,train,general_scanned_019
C:\Users\rajsa\Desktop\document-forgery-ai\dataset\docs\general_scanned_019_forged_orig.jpg,general_scanned,forged,train,general_scanned_019
C:\Users\rajsa\Desktop\document-forgery-ai\dataset\docs\general_scanned_019_forged_scan.jpg,general_scanned,forged,train,general_scanned_019
C:\Users\rajsa\Desktop\document-forgery-ai\dataset\docs\general_scanned_019_forged_comp.jpg,general_scanned,forged,train,general_scanned_019
C:\Users\rajsa\Desktop\document-forgery-ai\dataset\docs\id_card_019_orig.jpg,id_card,genuine,train,id_card_019
C:\Users\rajsa\Desktop\document-forgery-ai\dataset\docs\id_card_019_scan.jpg,id_card,genuine,train,id_card_019
C:\Users\rajsa\Desktop\document-forgery-ai\dataset\docs\id_card_019_comp.jpg,id_card,genuine,train,id_card_019
C:\Users\rajsa\Desktop\document-forgery-ai\dataset\docs\id_card_019_shot.png,id_card,genuine,train,id_card_019
C:\Users\rajsa\Desktop\document-forgery-ai\dataset\docs\id_card_019_forged_orig.jpg,id_card,forged,train,id_card_019
C:\Users\rajsa\Desktop\document-forgery-ai\dataset\docs\id_card_019_forged_scan.jpg,id_card,forged,train,id_card_019
C:\Users\rajsa\Desktop\document-forgery-ai\dataset\docs\id_card_019_forged_comp.jpg,id_card,forged,train,id_card_019
C:\Users\rajsa\Desktop\document-forgery-ai\dataset\docs\invoice_receipt_009_orig.jpg,invoice_receipt,genuine,train,invoice_receipt_009
C:\Users\rajsa\Desktop\document-forgery-ai\dataset\docs\invoice_receipt_009_scan.jpg,invoice_receipt,genuine,train,invoice_receipt_009
C:\Users\rajsa\Desktop\document-forgery-ai\dataset\docs\invoice_receipt_009_comp.jpg,invoice_receipt,genuine,train,invoice_receipt_009
C:\Users\rajsa\Desktop\document-forgery-ai\dataset\docs\invoice_receipt_009_shot.png,invoice_receipt,genuine,train,invoice_receipt_009
C:\Users\rajsa\Desktop\document-forgery-ai\dataset\docs\invoice_receipt_009_forged_orig.jpg,invoice_receipt,forged,train,invoice_receipt_009
C:\Users\rajsa\Desktop\document-forgery-ai\dataset\docs\invoice_receipt_009_forged_scan.jpg,invoice_receipt,forged,train,invoice_receipt_009
C:\Users\rajsa\Desktop\document-forgery-ai\dataset\docs\invoice_receipt_009_forged_comp.jpg,invoice_receipt,forged,train,invoice_receipt_009
C:\Users\rajsa\Desktop\document-forgery-ai\dataset\docs\general_scanned_003_orig.jpg,general_scanned,genuine,train,general_scanned_003
C:\Users\rajsa\Desktop\document-forgery-ai\dataset\docs\general_scanned_003_scan.jpg,general_scanned,genuine,train,general_scanned_003
C:\Users\rajsa\Desktop\document-forgery-ai\dataset\docs\general_scanned_003_comp.jpg,general_scanned,genuine,train,general_scanned_003
C:\Users\rajsa\Desktop\document-forgery-ai\dataset\docs\general_scanned_003_shot.png,general_scanned,genuine,train,general_scanned_003
C:\Users\rajsa\Desktop\document-forgery-ai\dataset\docs\general_scanned_003_forged_orig.jpg,general_scanned,forged,train,general_scanned_003
C:\Users\rajsa\Desktop\document-forgery-ai\dataset\docs\general_scanned_003_forged_scan.jpg,general_scanned,forged,train,general_scanned_003
C:\Users\rajsa\Desktop\document-forgery-ai\dataset\docs\general_scanned_003_forged_comp.jpg,general_scanned,forged,train,general_scanned_003
C:\Users\rajsa\Desktop\document-forgery-ai\dataset\docs\invoice_receipt_003_forged_orig.jpg,invoice_receipt,forged,train,invoice_receipt_003
C:\Users\rajsa\Desktop\document-forgery-ai\dataset\docs\invoice_receipt_003_forged_scan.jpg,invoice_receipt,forged,train,invoice_receipt_003
C:\Users\rajsa\Desktop\document-forgery-ai\dataset\docs\invoice_receipt_003_forged_comp.jpg,invoice_receipt,forged,train,invoice_receipt_003
C:\Users\rajsa\Desktop\document-forgery-ai\dataset\docs\invoice_receipt_003_orig.jpg,invoice_receipt,genuine,train,invoice_receipt_003
C:\Users\rajsa\Desktop\document-forgery-ai\dataset\docs\invoice_receipt_003_scan.jpg,invoice_receipt,genuine,train,invoice_receipt_003
C:\Users\rajsa\Desktop\document-forgery-ai\dataset\docs\invoice_receipt_003_comp.jpg,invoice_receipt,genuine,train,invoice_receipt_003
C:\Users\rajsa\Desktop\document-forgery-ai\dataset\docs\invoice_receipt_003_shot.png,invoice_receipt,genuine,train,invoice_receipt_003
C:\Users\rajsa\Desktop\document-forgery-ai\dataset\docs\general_scanned_005_orig.jpg,general_scanned,genuine,validation,general_scanned_005
C:\Users\rajsa\Desktop\document-forgery-ai\dataset\docs\general_scanned_005_scan.jpg,general_scanned,genuine,validation,general_scanned_005
C:\Users\rajsa\Desktop\document-forgery-ai\dataset\docs\general_scanned_005_comp.jpg,general_scanned,genuine,validation,general_scanned_005
C:\Users\rajsa\Desktop\document-forgery-ai\dataset\docs\general_scanned_005_shot.png,general_scanned,genuine,validation,general_scanned_005
C:\Users\rajsa\Desktop\document-forgery-ai\dataset\docs\general_scanned_005_forged_orig.jpg,general_scanned,forged,validation,general_scanned_005
C:\Users\rajsa\Desktop\document-forgery-ai\dataset\docs\general_scanned_005_forged_scan.jpg,general_scanned,forged,validation,general_scanned_005
C:\Users\rajsa\Desktop\document-forgery-ai\dataset\docs\general_scanned_005_forged_comp.jpg,general_scanned,forged,validation,general_scanned_005
C:\Users\rajsa\Desktop\document-forgery-ai\dataset\docs\certificate_006_orig.jpg,certificate,genuine,validation,certificate_006
C:\Users\rajsa\Desktop\document-forgery-ai\dataset\docs\certificate_006_scan.jpg,certificate,genuine,validation,certificate_006
C:\Users\rajsa\Desktop\document-forgery-ai\dataset\docs\certificate_006_comp.jpg,certificate,genuine,validation,certificate_006
C:\Users\rajsa\Desktop\document-forgery-ai\dataset\docs\certificate_006_shot.png,certificate,genuine,validation,certificate_006
C:\Users\rajsa\Desktop\document-forgery-ai\dataset\docs\certificate_006_forged_orig.jpg,certificate,forged,validation,certificate_006
C:\Users\rajsa\Desktop\document-forgery-ai\dataset\docs\certificate_006_forged_scan.jpg,certificate,forged,validation,certificate_006
C:\Users\rajsa\Desktop\document-forgery-ai\dataset\docs\certificate_006_forged_comp.jpg,certificate,forged,validation,certificate_006
C:\Users\rajsa\Desktop\document-forgery-ai\dataset\docs\certificate_007_orig.jpg,certificate,genuine,validation,certificate_007
C:\Users\rajsa\Desktop\document-forgery-ai\dataset\docs\certificate_007_scan.jpg,certificate,genuine,validation,certificate_007
C:\Users\rajsa\Desktop\document-forgery-ai\dataset\docs\certificate_007_comp.jpg,certificate,genuine,validation,certificate_007
C:\Users\rajsa\Desktop\document-forgery-ai\dataset\docs\certificate_007_shot.png,certificate,genuine,validation,certificate_007
C:\Users\rajsa\Desktop\document-forgery-ai\dataset\docs\certificate_007_forged_orig.jpg,certificate,forged,validation,certificate_007
C:\Users\rajsa\Desktop\document-forgery-ai\dataset\docs\certificate_007_forged_scan.jpg,certificate,forged,validation,certificate_007
C:\Users\rajsa\Desktop\document-forgery-ai\dataset\docs\certificate_007_forged_comp.jpg,certificate,forged,validation,certificate_007
C:\Users\rajsa\Desktop\document-forgery-ai\dataset\docs\invoice_receipt_008_orig.jpg,invoice_receipt,genuine,validation,invoice_receipt_008
C:\Users\rajsa\Desktop\document-forgery-ai\dataset\docs\invoice_receipt_008_scan.jpg,invoice_receipt,genuine,validation,invoice_receipt_008
C:\Users\rajsa\Desktop\document-forgery-ai\dataset\docs\invoice_receipt_008_comp.jpg,invoice_receipt,genuine,validation,invoice_receipt_008
C:\Users\rajsa\Desktop\document-forgery-ai\dataset\docs\invoice_receipt_008_shot.png,invoice_receipt,genuine,validation,invoice_receipt_008
C:\Users\rajsa\Desktop\document-forgery-ai\dataset\docs\invoice_receipt_008_forged_orig.jpg,invoice_receipt,forged,validation,invoice_receipt_008
C:\Users\rajsa\Desktop\document-forgery-ai\dataset\docs\invoice_receipt_008_forged_scan.jpg,invoice_receipt,forged,validation,invoice_receipt_008
C:\Users\rajsa\Desktop\document-forgery-ai\dataset\docs\invoice_receipt_008_forged_comp.jpg,invoice_receipt,forged,validation,invoice_receipt_008
C:\Users\rajsa\Desktop\document-forgery-ai\dataset\docs\marksheet_003_orig.jpg,marksheet,genuine,validation,marksheet_003
C:\Users\rajsa\Desktop\document-forgery-ai\dataset\docs\marksheet_003_scan.jpg,marksheet,genuine,validation,marksheet_003
C:\Users\rajsa\Desktop\document-forgery-ai\dataset\docs\marksheet_003_comp.jpg,marksheet,genuine,validation,marksheet_003
C:\Users\rajsa\Desktop\document-forgery-ai\dataset\docs\marksheet_003_shot.png,marksheet,genuine,validation,marksheet_003
C:\Users\rajsa\Desktop\document-forgery-ai\dataset\docs\marksheet_003_forged_orig.jpg,marksheet,forged,validation,marksheet_003
C:\Users\rajsa\Desktop\document-forgery-ai\dataset\docs\marksheet_003_forged_scan.jpg,marksheet,forged,validation,marksheet_003
C:\Users\rajsa\Desktop\document-forgery-ai\dataset\docs\marksheet_003_forged_comp.jpg,marksheet,forged,validation,marksheet_003
C:\Users\rajsa\Desktop\document-forgery-ai\dataset\docs\certificate_020_orig.jpg,certificate,genuine,validation,certificate_020
C:\Users\rajsa\Desktop\document-forgery-ai\dataset\docs\certificate_020_scan.jpg,certificate,genuine,validation,certificate_020
C:\Users\rajsa\Desktop\document-forgery-ai\dataset\docs\certificate_020_comp.jpg,certificate,genuine,validation,certificate_020
C:\Users\rajsa\Desktop\document-forgery-ai\dataset\docs\certificate_020_shot.png,certificate,genuine,validation,certificate_020
C:\Users\rajsa\Desktop\document-forgery-ai\dataset\docs\certificate_020_forged_orig.jpg,certificate,forged,validation,certificate_020
C:\Users\rajsa\Desktop\document-forgery-ai\dataset\docs\certificate_020_forged_scan.jpg,certificate,forged,validation,certificate_020
C:\Users\rajsa\Desktop\document-forgery-ai\dataset\docs\certificate_020_forged_comp.jpg,certificate,forged,validation,certificate_020
C:\Users\rajsa\Desktop\document-forgery-ai\dataset\docs\invoice_receipt_020_orig.jpg,invoice_receipt,genuine,validation,invoice_receipt_020
C:\Users\rajsa\Desktop\document-forgery-ai\dataset\docs\invoice_receipt_020_scan.jpg,invoice_receipt,genuine,validation,invoice_receipt_020
C:\Users\rajsa\Desktop\document-forgery-ai\dataset\docs\invoice_receipt_020_comp.jpg,invoice_receipt,genuine,validation,invoice_receipt_020
C:\Users\rajsa\Desktop\document-forgery-ai\dataset\docs\invoice_receipt_020_shot.png,invoice_receipt,genuine,validation,invoice_receipt_020
C:\Users\rajsa\Desktop\document-forgery-ai\dataset\docs\invoice_receipt_020_forged_orig.jpg,invoice_receipt,forged,validation,invoice_receipt_020
C:\Users\rajsa\Desktop\document-forgery-ai\dataset\docs\invoice_receipt_020_forged_scan.jpg,invoice_receipt,forged,validation,invoice_receipt_020
C:\Users\rajsa\Desktop\document-forgery-ai\dataset\docs\invoice_receipt_020_forged_comp.jpg,invoice_receipt,forged,validation,invoice_receipt_020
C:\Users\rajsa\Desktop\document-forgery-ai\dataset\docs\id_card_004_forged_orig.jpg,id_card,forged,validation,id_card_004
C:\Users\rajsa\Desktop\document-forgery-ai\dataset\docs\id_card_004_forged_scan.jpg,id_card,forged,validation,id_card_004
C:\Users\rajsa\Desktop\document-forgery-ai\dataset\docs\id_card_004_forged_comp.jpg,id_card,forged,validation,id_card_004
C:\Users\rajsa\Desktop\document-forgery-ai\dataset\docs\id_card_004_orig.jpg,id_card,genuine,validation,id_card_004
C:\Users\rajsa\Desktop\document-forgery-ai\dataset\docs\id_card_004_scan.jpg,id_card,genuine,validation,id_card_004
C:\Users\rajsa\Desktop\document-forgery-ai\dataset\docs\id_card_004_comp.jpg,id_card,genuine,validation,id_card_004
C:\Users\rajsa\Desktop\document-forgery-ai\dataset\docs\id_card_004_shot.png,id_card,genuine,validation,id_card_004
C:\Users\rajsa\Desktop\document-forgery-ai\dataset\docs\marksheet_011_orig.jpg,marksheet,genuine,validation,marksheet_011
C:\Users\rajsa\Desktop\document-forgery-ai\dataset\docs\marksheet_011_scan.jpg,marksheet,genuine,validation,marksheet_011
C:\Users\rajsa\Desktop\document-forgery-ai\dataset\docs\marksheet_011_comp.jpg,marksheet,genuine,validation,marksheet_011
C:\Users\rajsa\Desktop\document-forgery-ai\dataset\docs\marksheet_011_shot.png,marksheet,genuine,validation,marksheet_011
C:\Users\rajsa\Desktop\document-forgery-ai\dataset\docs\marksheet_011_forged_orig.jpg,marksheet,forged,validation,marksheet_011
C:\Users\rajsa\Desktop\document-forgery-ai\dataset\docs\marksheet_011_forged_scan.jpg,marksheet,forged,validation,marksheet_011
C:\Users\rajsa\Desktop\document-forgery-ai\dataset\docs\marksheet_011_forged_comp.jpg,marksheet,forged,validation,marksheet_011
C:\Users\rajsa\Desktop\document-forgery-ai\dataset\docs\general_scanned_001_forged_orig.jpg,general_scanned,forged,validation,general_scanned_001
C:\Users\rajsa\Desktop\document-forgery-ai\dataset\docs\general_scanned_001_forged_scan.jpg,general_scanned,forged,validation,general_scanned_001
C:\Users\rajsa\Desktop\document-forgery-ai\dataset\docs\general_scanned_001_forged_comp.jpg,general_scanned,forged,validation,general_scanned_001
C:\Users\rajsa\Desktop\document-forgery-ai\dataset\docs\general_scanned_001_orig.jpg,general_scanned,genuine,validation,general_scanned_001
C:\Users\rajsa\Desktop\document-forgery-ai\dataset\docs\general_scanned_001_scan.jpg,general_scanned,genuine,validation,general_scanned_001
C:\Users\rajsa\Desktop\document-forgery-ai\dataset\docs\general_scanned_001_comp.jpg,general_scanned,genuine,validation,general_scanned_001
C:\Users\rajsa\Desktop\document-forgery-ai\dataset\docs\general_scanned_001_shot.png,general_scanned,genuine,validation,general_scanned_001
C:\Users\rajsa\Desktop\document-forgery-ai\dataset\docs\certificate_001_orig.jpg,certificate,genuine,validation,certificate_001
C:\Users\rajsa\Desktop\document-forgery-ai\dataset\docs\certificate_001_scan.jpg,certificate,genuine,validation,certificate_001
C:\Users\rajsa\Desktop\document-forgery-ai\dataset\docs\certificate_001_comp.jpg,certificate,genuine,validation,certificate_001
C:\Users\rajsa\Desktop\document-forgery-ai\dataset\docs\certificate_001_shot.png,certificate,genuine,validation,certificate_001
C:\Users\rajsa\Desktop\document-forgery-ai\dataset\docs\certificate_001_forged_orig.jpg,certificate,forged,validation,certificate_001
C:\Users\rajsa\Desktop\document-forgery-ai\dataset\docs\certificate_001_forged_scan.jpg,certificate,forged,validation,certificate_001
C:\Users\rajsa\Desktop\document-forgery-ai\dataset\docs\certificate_001_forged_comp.jpg,certificate,forged,validation,certificate_001
C:\Users\rajsa\Desktop\document-forgery-ai\dataset\docs\marksheet_016_orig.jpg,marksheet,genuine,validation,marksheet_016
C:\Users\rajsa\Desktop\document-forgery-ai\dataset\docs\marksheet_016_scan.jpg,marksheet,genuine,validation,marksheet_016
C:\Users\rajsa\Desktop\document-forgery-ai\dataset\docs\marksheet_016_comp.jpg,marksheet,genuine,validation,marksheet_016
C:\Users\rajsa\Desktop\document-forgery-ai\dataset\docs\marksheet_016_shot.png,marksheet,genuine,validation,marksheet_016
C:\Users\rajsa\Desktop\document-forgery-ai\dataset\docs\marksheet_016_forged_orig.jpg,marksheet,forged,validation,marksheet_016
C:\Users\rajsa\Desktop\document-forgery-ai\dataset\docs\marksheet_016_forged_scan.jpg,marksheet,forged,validation,marksheet_016
C:\Users\rajsa\Desktop\document-forgery-ai\dataset\docs\marksheet_016_forged_comp.jpg,marksheet,forged,validation,marksheet_016
C:\Users\rajsa\Desktop\document-forgery-ai\dataset\docs\id_card_018_orig.jpg,id_card,genuine,validation,id_card_018
C:\Users\rajsa\Desktop\document-forgery-ai\dataset\docs\id_card_018_scan.jpg,id_card,genuine,validation,id_card_018
C:\Users\rajsa\Desktop\document-forgery-ai\dataset\docs\id_card_018_comp.jpg,id_card,genuine,validation,id_card_018
C:\Users\rajsa\Desktop\document-forgery-ai\dataset\docs\id_card_018_shot.png,id_card,genuine,validation,id_card_018
C:\Users\rajsa\Desktop\document-forgery-ai\dataset\docs\id_card_018_forged_orig.jpg,id_card,forged,validation,id_card_018
C:\Users\rajsa\Desktop\document-forgery-ai\dataset\docs\id_card_018_forged_scan.jpg,id_card,forged,validation,id_card_018
C:\Users\rajsa\Desktop\document-forgery-ai\dataset\docs\id_card_018_forged_comp.jpg,id_card,forged,validation,id_card_018
C:\Users\rajsa\Desktop\document-forgery-ai\dataset\docs\marksheet_014_orig.jpg,marksheet,genuine,validation,marksheet_014
C:\Users\rajsa\Desktop\document-forgery-ai\dataset\docs\marksheet_014_scan.jpg,marksheet,genuine,validation,marksheet_014
C:\Users\rajsa\Desktop\document-forgery-ai\dataset\docs\marksheet_014_comp.jpg,marksheet,genuine,validation,marksheet_014
C:\Users\rajsa\Desktop\document-forgery-ai\dataset\docs\marksheet_014_shot.png,marksheet,genuine,validation,marksheet_014
C:\Users\rajsa\Desktop\document-forgery-ai\dataset\docs\marksheet_014_forged_orig.jpg,marksheet,forged,validation,marksheet_014
C:\Users\rajsa\Desktop\document-forgery-ai\dataset\docs\marksheet_014_forged_scan.jpg,marksheet,forged,validation,marksheet_014
C:\Users\rajsa\Desktop\document-forgery-ai\dataset\docs\marksheet_014_forged_comp.jpg,marksheet,forged,validation,marksheet_014
C:\Users\rajsa\Desktop\document-forgery-ai\dataset\docs\id_card_014_orig.jpg,id_card,genuine,validation,id_card_014
C:\Users\rajsa\Desktop\document-forgery-ai\dataset\docs\id_card_014_scan.jpg,id_card,genuine,validation,id_card_014
C:\Users\rajsa\Desktop\document-forgery-ai\dataset\docs\id_card_014_comp.jpg,id_card,genuine,validation,id_card_014
C:\Users\rajsa\Desktop\document-forgery-ai\dataset\docs\id_card_014_shot.png,id_card,genuine,validation,id_card_014
C:\Users\rajsa\Desktop\document-forgery-ai\dataset\docs\id_card_014_forged_orig.jpg,id_card,forged,validation,id_card_014
C:\Users\rajsa\Desktop\document-forgery-ai\dataset\docs\id_card_014_forged_scan.jpg,id_card,forged,validation,id_card_014
C:\Users\rajsa\Desktop\document-forgery-ai\dataset\docs\id_card_014_forged_comp.jpg,id_card,forged,validation,id_card_014
C:\Users\rajsa\Desktop\document-forgery-ai\dataset\docs\marksheet_010_orig.jpg,marksheet,genuine,validation,marksheet_010
C:\Users\rajsa\Desktop\document-forgery-ai\dataset\docs\marksheet_010_scan.jpg,marksheet,genuine,validation,marksheet_010
C:\Users\rajsa\Desktop\document-forgery-ai\dataset\docs\marksheet_010_comp.jpg,marksheet,genuine,validation,marksheet_010
C:\Users\rajsa\Desktop\document-forgery-ai\dataset\docs\marksheet_010_shot.png,marksheet,genuine,validation,marksheet_010
C:\Users\rajsa\Desktop\document-forgery-ai\dataset\docs\marksheet_010_forged_orig.jpg,marksheet,forged,validation,marksheet_010
C:\Users\rajsa\Desktop\document-forgery-ai\dataset\docs\marksheet_010_forged_scan.jpg,marksheet,forged,validation,marksheet_010
C:\Users\rajsa\Desktop\document-forgery-ai\dataset\docs\marksheet_010_forged_comp.jpg,marksheet,forged,validation,marksheet_010
C:\Users\rajsa\Desktop\document-forgery-ai\dataset\docs\general_scanned_006_orig.jpg,general_scanned,genuine,validation,general_scanned_006
C:\Users\rajsa\Desktop\document-forgery-ai\dataset\docs\general_scanned_006_scan.jpg,general_scanned,genuine,validation,general_scanned_006
C:\Users\rajsa\Desktop\document-forgery-ai\dataset\docs\general_scanned_006_comp.jpg,general_scanned,genuine,validation,general_scanned_006
C:\Users\rajsa\Desktop\document-forgery-ai\dataset\docs\general_scanned_006_shot.png,general_scanned,genuine,validation,general_scanned_006
C:\Users\rajsa\Desktop\document-forgery-ai\dataset\docs\general_scanned_006_forged_orig.jpg,general_scanned,forged,validation,general_scanned_006
C:\Users\rajsa\Desktop\document-forgery-ai\dataset\docs\general_scanned_006_forged_scan.jpg,general_scanned,forged,validation,general_scanned_006
C:\Users\rajsa\Desktop\document-forgery-ai\dataset\docs\general_scanned_006_forged_comp.jpg,general_scanned,forged,validation,general_scanned_006
C:\Users\rajsa\Desktop\document-forgery-ai\dataset\docs\invoice_receipt_012_orig.jpg,invoice_receipt,genuine,validation,invoice_receipt_012
C:\Users\rajsa\Desktop\document-forgery-ai\dataset\docs\invoice_receipt_012_scan.jpg,invoice_receipt,genuine,validation,invoice_receipt_012
C:\Users\rajsa\Desktop\document-forgery-ai\dataset\docs\invoice_receipt_012_comp.jpg,invoice_receipt,genuine,validation,invoice_receipt_012
C:\Users\rajsa\Desktop\document-forgery-ai\dataset\docs\invoice_receipt_012_shot.png,invoice_receipt,genuine,validation,invoice_receipt_012
C:\Users\rajsa\Desktop\document-forgery-ai\dataset\docs\invoice_receipt_012_forged_orig.jpg,invoice_receipt,forged,validation,invoice_receipt_012
C:\Users\rajsa\Desktop\document-forgery-ai\dataset\docs\invoice_receipt_012_forged_scan.jpg,invoice_receipt,forged,validation,invoice_receipt_012
C:\Users\rajsa\Desktop\document-forgery-ai\dataset\docs\invoice_receipt_012_forged_comp.jpg,invoice_receipt,forged,validation,invoice_receipt_012
C:\Users\rajsa\Desktop\document-forgery-ai\dataset\docs\marksheet_005_forged_orig.jpg,marksheet,forged,validation,marksheet_005
C:\Users\rajsa\Desktop\document-forgery-ai\dataset\docs\marksheet_005_forged_scan.jpg,marksheet,forged,validation,marksheet_005
C:\Users\rajsa\Desktop\document-forgery-ai\dataset\docs\marksheet_005_forged_comp.jpg,marksheet,forged,validation,marksheet_005
C:\Users\rajsa\Desktop\document-forgery-ai\dataset\docs\marksheet_005_orig.jpg,marksheet,genuine,validation,marksheet_005
C:\Users\rajsa\Desktop\document-forgery-ai\dataset\docs\marksheet_005_scan.jpg,marksheet,genuine,validation,marksheet_005
C:\Users\rajsa\Desktop\document-forgery-ai\dataset\docs\marksheet_005_comp.jpg,marksheet,genuine,validation,marksheet_005
C:\Users\rajsa\Desktop\document-forgery-ai\dataset\docs\marksheet_005_shot.png,marksheet,genuine,validation,marksheet_005
C:\Users\rajsa\Desktop\document-forgery-ai\dataset\docs\invoice_receipt_018_orig.jpg,invoice_receipt,genuine,validation,invoice_receipt_018
C:\Users\rajsa\Desktop\document-forgery-ai\dataset\docs\invoice_receipt_018_scan.jpg,invoice_receipt,genuine,validation,invoice_receipt_018
C:\Users\rajsa\Desktop\document-forgery-ai\dataset\docs\invoice_receipt_018_comp.jpg,invoice_receipt,genuine,validation,invoice_receipt_018
C:\Users\rajsa\Desktop\document-forgery-ai\dataset\docs\invoice_receipt_018_shot.png,invoice_receipt,genuine,validation,invoice_receipt_018
C:\Users\rajsa\Desktop\document-forgery-ai\dataset\docs\invoice_receipt_018_forged_orig.jpg,invoice_receipt,forged,validation,invoice_receipt_018
C:\Users\rajsa\Desktop\document-forgery-ai\dataset\docs\invoice_receipt_018_forged_scan.jpg,invoice_receipt,forged,validation,invoice_receipt_018
C:\Users\rajsa\Desktop\document-forgery-ai\dataset\docs\invoice_receipt_018_forged_comp.jpg,invoice_receipt,forged,validation,invoice_receipt_018
C:\Users\rajsa\Desktop\document-forgery-ai\dataset\docs\invoice_receipt_005_forged_orig.jpg,invoice_receipt,forged,test,invoice_receipt_005
C:\Users\rajsa\Desktop\document-forgery-ai\dataset\docs\invoice_receipt_005_forged_scan.jpg,invoice_receipt,forged,test,invoice_receipt_005
C:\Users\rajsa\Desktop\document-forgery-ai\dataset\docs\invoice_receipt_005_forged_comp.jpg,invoice_receipt,forged,test,invoice_receipt_005
C:\Users\rajsa\Desktop\document-forgery-ai\dataset\docs\invoice_receipt_005_orig.jpg,invoice_receipt,genuine,test,invoice_receipt_005
C:\Users\rajsa\Desktop\document-forgery-ai\dataset\docs\invoice_receipt_005_scan.jpg,invoice_receipt,genuine,test,invoice_receipt_005
C:\Users\rajsa\Desktop\document-forgery-ai\dataset\docs\invoice_receipt_005_comp.jpg,invoice_receipt,genuine,test,invoice_receipt_005
C:\Users\rajsa\Desktop\document-forgery-ai\dataset\docs\invoice_receipt_005_shot.png,invoice_receipt,genuine,test,invoice_receipt_005
C:\Users\rajsa\Desktop\document-forgery-ai\dataset\docs\general_scanned_010_orig.jpg,general_scanned,genuine,test,general_scanned_010
C:\Users\rajsa\Desktop\document-forgery-ai\dataset\docs\general_scanned_010_scan.jpg,general_scanned,genuine,test,general_scanned_010
C:\Users\rajsa\Desktop\document-forgery-ai\dataset\docs\general_scanned_010_comp.jpg,general_scanned,genuine,test,general_scanned_010
C:\Users\rajsa\Desktop\document-forgery-ai\dataset\docs\general_scanned_010_shot.png,general_scanned,genuine,test,general_scanned_010
C:\Users\rajsa\Desktop\document-forgery-ai\dataset\docs\general_scanned_010_forged_orig.jpg,general_scanned,forged,test,general_scanned_010
C:\Users\rajsa\Desktop\document-forgery-ai\dataset\docs\general_scanned_010_forged_scan.jpg,general_scanned,forged,test,general_scanned_010
C:\Users\rajsa\Desktop\document-forgery-ai\dataset\docs\general_scanned_010_forged_comp.jpg,general_scanned,forged,test,general_scanned_010
C:\Users\rajsa\Desktop\document-forgery-ai\dataset\docs\general_scanned_008_forged_orig.jpg,general_scanned,forged,test,general_scanned_008
C:\Users\rajsa\Desktop\document-forgery-ai\dataset\docs\general_scanned_008_forged_scan.jpg,general_scanned,forged,test,general_scanned_008
C:\Users\rajsa\Desktop\document-forgery-ai\dataset\docs\general_scanned_008_forged_comp.jpg,general_scanned,forged,test,general_scanned_008
C:\Users\rajsa\Desktop\document-forgery-ai\dataset\docs\general_scanned_008_orig.jpg,general_scanned,genuine,test,general_scanned_008
C:\Users\rajsa\Desktop\document-forgery-ai\dataset\docs\general_scanned_008_scan.jpg,general_scanned,genuine,test,general_scanned_008
C:\Users\rajsa\Desktop\document-forgery-ai\dataset\docs\general_scanned_008_comp.jpg,general_scanned,genuine,test,general_scanned_008
C:\Users\rajsa\Desktop\document-forgery-ai\dataset\docs\general_scanned_008_shot.png,general_scanned,genuine,test,general_scanned_008
C:\Users\rajsa\Desktop\document-forgery-ai\dataset\docs\marksheet_009_orig.jpg,marksheet,genuine,test,marksheet_009
C:\Users\rajsa\Desktop\document-forgery-ai\dataset\docs\marksheet_009_scan.jpg,marksheet,genuine,test,marksheet_009
C:\Users\rajsa\Desktop\document-forgery-ai\dataset\docs\marksheet_009_comp.jpg,marksheet,genuine,test,marksheet_009
C:\Users\rajsa\Desktop\document-forgery-ai\dataset\docs\marksheet_009_shot.png,marksheet,genuine,test,marksheet_009
C:\Users\rajsa\Desktop\document-forgery-ai\dataset\docs\marksheet_009_forged_orig.jpg,marksheet,forged,test,marksheet_009
C:\Users\rajsa\Desktop\document-forgery-ai\dataset\docs\marksheet_009_forged_scan.jpg,marksheet,forged,test,marksheet_009
C:\Users\rajsa\Desktop\document-forgery-ai\dataset\docs\marksheet_009_forged_comp.jpg,marksheet,forged,test,marksheet_009
C:\Users\rajsa\Desktop\document-forgery-ai\dataset\docs\marksheet_018_forged_orig.jpg,marksheet,forged,test,marksheet_018
C:\Users\rajsa\Desktop\document-forgery-ai\dataset\docs\marksheet_018_forged_scan.jpg,marksheet,forged,test,marksheet_018
C:\Users\rajsa\Desktop\document-forgery-ai\dataset\docs\marksheet_018_forged_comp.jpg,marksheet,forged,test,marksheet_018
C:\Users\rajsa\Desktop\document-forgery-ai\dataset\docs\marksheet_018_orig.jpg,marksheet,genuine,test,marksheet_018
C:\Users\rajsa\Desktop\document-forgery-ai\dataset\docs\marksheet_018_scan.jpg,marksheet,genuine,test,marksheet_018
C:\Users\rajsa\Desktop\document-forgery-ai\dataset\docs\marksheet_018_comp.jpg,marksheet,genuine,test,marksheet_018
C:\Users\rajsa\Desktop\document-forgery-ai\dataset\docs\marksheet_018_shot.png,marksheet,genuine,test,marksheet_018
C:\Users\rajsa\Desktop\document-forgery-ai\dataset\docs\certificate_005_orig.jpg,certificate,genuine,test,certificate_005
C:\Users\rajsa\Desktop\document-forgery-ai\dataset\docs\certificate_005_scan.jpg,certificate,genuine,test,certificate_005
C:\Users\rajsa\Desktop\document-forgery-ai\dataset\docs\certificate_005_comp.jpg,certificate,genuine,test,certificate_005
C:\Users\rajsa\Desktop\document-forgery-ai\dataset\docs\certificate_005_shot.png,certificate,genuine,test,certificate_005
C:\Users\rajsa\Desktop\document-forgery-ai\dataset\docs\certificate_005_forged_orig.jpg,certificate,forged,test,certificate_005
C:\Users\rajsa\Desktop\document-forgery-ai\dataset\docs\certificate_005_forged_scan.jpg,certificate,forged,test,certificate_005
C:\Users\rajsa\Desktop\document-forgery-ai\dataset\docs\certificate_005_forged_comp.jpg,certificate,forged,test,certificate_005
C:\Users\rajsa\Desktop\document-forgery-ai\dataset\docs\id_card_015_orig.jpg,id_card,genuine,test,id_card_015
C:\Users\rajsa\Desktop\document-forgery-ai\dataset\docs\id_card_015_scan.jpg,id_card,genuine,test,id_card_015
C:\Users\rajsa\Desktop\document-forgery-ai\dataset\docs\id_card_015_comp.jpg,id_card,genuine,test,id_card_015
C:\Users\rajsa\Desktop\document-forgery-ai\dataset\docs\id_card_015_shot.png,id_card,genuine,test,id_card_015
C:\Users\rajsa\Desktop\document-forgery-ai\dataset\docs\id_card_015_forged_orig.jpg,id_card,forged,test,id_card_015
C:\Users\rajsa\Desktop\document-forgery-ai\dataset\docs\id_card_015_forged_scan.jpg,id_card,forged,test,id_card_015
C:\Users\rajsa\Desktop\document-forgery-ai\dataset\docs\id_card_015_forged_comp.jpg,id_card,forged,test,id_card_015
C:\Users\rajsa\Desktop\document-forgery-ai\dataset\docs\invoice_receipt_016_forged_orig.jpg,invoice_receipt,forged,test,invoice_receipt_016
C:\Users\rajsa\Desktop\document-forgery-ai\dataset\docs\invoice_receipt_016_forged_scan.jpg,invoice_receipt,forged,test,invoice_receipt_016
C:\Users\rajsa\Desktop\document-forgery-ai\dataset\docs\invoice_receipt_016_forged_comp.jpg,invoice_receipt,forged,test,invoice_receipt_016
C:\Users\rajsa\Desktop\document-forgery-ai\dataset\docs\invoice_receipt_016_orig.jpg,invoice_receipt,genuine,test,invoice_receipt_016
C:\Users\rajsa\Desktop\document-forgery-ai\dataset\docs\invoice_receipt_016_scan.jpg,invoice_receipt,genuine,test,invoice_receipt_016
C:\Users\rajsa\Desktop\document-forgery-ai\dataset\docs\invoice_receipt_016_comp.jpg,invoice_receipt,genuine,test,invoice_receipt_016
C:\Users\rajsa\Desktop\document-forgery-ai\dataset\docs\invoice_receipt_016_shot.png,invoice_receipt,genuine,test,invoice_receipt_016
C:\Users\rajsa\Desktop\document-forgery-ai\dataset\docs\certificate_012_forged_orig.jpg,certificate,forged,test,certificate_012
C:\Users\rajsa\Desktop\document-forgery-ai\dataset\docs\certificate_012_forged_scan.jpg,certificate,forged,test,certificate_012
C:\Users\rajsa\Desktop\document-forgery-ai\dataset\docs\certificate_012_forged_comp.jpg,certificate,forged,test,certificate_012
C:\Users\rajsa\Desktop\document-forgery-ai\dataset\docs\certificate_012_orig.jpg,certificate,genuine,test,certificate_012
C:\Users\rajsa\Desktop\document-forgery-ai\dataset\docs\certificate_012_scan.jpg,certificate,genuine,test,certificate_012
C:\Users\rajsa\Desktop\document-forgery-ai\dataset\docs\certificate_012_comp.jpg,certificate,genuine,test,certificate_012
C:\Users\rajsa\Desktop\document-forgery-ai\dataset\docs\certificate_012_shot.png,certificate,genuine,test,certificate_012
C:\Users\rajsa\Desktop\document-forgery-ai\dataset\docs\invoice_receipt_010_orig.jpg,invoice_receipt,genuine,test,invoice_receipt_010
C:\Users\rajsa\Desktop\document-forgery-ai\dataset\docs\invoice_receipt_010_scan.jpg,invoice_receipt,genuine,test,invoice_receipt_010
C:\Users\rajsa\Desktop\document-forgery-ai\dataset\docs\invoice_receipt_010_comp.jpg,invoice_receipt,genuine,test,invoice_receipt_010
C:\Users\rajsa\Desktop\document-forgery-ai\dataset\docs\invoice_receipt_010_shot.png,invoice_receipt,genuine,test,invoice_receipt_010
C:\Users\rajsa\Desktop\document-forgery-ai\dataset\docs\invoice_receipt_010_forged_orig.jpg,invoice_receipt,forged,test,invoice_receipt_010
C:\Users\rajsa\Desktop\document-forgery-ai\dataset\docs\invoice_receipt_010_forged_scan.jpg,invoice_receipt,forged,test,invoice_receipt_010
C:\Users\rajsa\Desktop\document-forgery-ai\dataset\docs\invoice_receipt_010_forged_comp.jpg,invoice_receipt,forged,test,invoice_receipt_010
C:\Users\rajsa\Desktop\document-forgery-ai\dataset\docs\marksheet_007_orig.jpg,marksheet,genuine,test,marksheet_007
C:\Users\rajsa\Desktop\document-forgery-ai\dataset\docs\marksheet_007_scan.jpg,marksheet,genuine,test,marksheet_007
C:\Users\rajsa\Desktop\document-forgery-ai\dataset\docs\marksheet_007_comp.jpg,marksheet,genuine,test,marksheet_007
C:\Users\rajsa\Desktop\document-forgery-ai\dataset\docs\marksheet_007_shot.png,marksheet,genuine,test,marksheet_007
C:\Users\rajsa\Desktop\document-forgery-ai\dataset\docs\marksheet_007_forged_orig.jpg,marksheet,forged,test,marksheet_007
C:\Users\rajsa\Desktop\document-forgery-ai\dataset\docs\marksheet_007_forged_scan.jpg,marksheet,forged,test,marksheet_007
C:\Users\rajsa\Desktop\document-forgery-ai\dataset\docs\marksheet_007_forged_comp.jpg,marksheet,forged,test,marksheet_007
C:\Users\rajsa\Desktop\document-forgery-ai\dataset\docs\certificate_014_orig.jpg,certificate,genuine,test,certificate_014
C:\Users\rajsa\Desktop\document-forgery-ai\dataset\docs\certificate_014_scan.jpg,certificate,genuine,test,certificate_014
C:\Users\rajsa\Desktop\document-forgery-ai\dataset\docs\certificate_014_comp.jpg,certificate,genuine,test,certificate_014
C:\Users\rajsa\Desktop\document-forgery-ai\dataset\docs\certificate_014_shot.png,certificate,genuine,test,certificate_014
C:\Users\rajsa\Desktop\document-forgery-ai\dataset\docs\certificate_014_forged_orig.jpg,certificate,forged,test,certificate_014
C:\Users\rajsa\Desktop\document-forgery-ai\dataset\docs\certificate_014_forged_scan.jpg,certificate,forged,test,certificate_014
C:\Users\rajsa\Desktop\document-forgery-ai\dataset\docs\certificate_014_forged_comp.jpg,certificate,forged,test,certificate_014
C:\Users\rajsa\Desktop\document-forgery-ai\dataset\docs\certificate_018_forged_orig.jpg,certificate,forged,test,certificate_018
C:\Users\rajsa\Desktop\document-forgery-ai\dataset\docs\certificate_018_forged_scan.jpg,certificate,forged,test,certificate_018
C:\Users\rajsa\Desktop\document-forgery-ai\dataset\docs\certificate_018_forged_comp.jpg,certificate,forged,test,certificate_018
C:\Users\rajsa\Desktop\document-forgery-ai\dataset\docs\certificate_018_orig.jpg,certificate,genuine,test,certificate_018
C:\Users\rajsa\Desktop\document-forgery-ai\dataset\docs\certificate_018_scan.jpg,certificate,genuine,test,certificate_018
C:\Users\rajsa\Desktop\document-forgery-ai\dataset\docs\certificate_018_comp.jpg,certificate,genuine,test,certificate_018
C:\Users\rajsa\Desktop\document-forgery-ai\dataset\docs\certificate_018_shot.png,certificate,genuine,test,certificate_018
C:\Users\rajsa\Desktop\document-forgery-ai\dataset\docs\general_scanned_009_orig.jpg,general_scanned,genuine,test,general_scanned_009
C:\Users\rajsa\Desktop\document-forgery-ai\dataset\docs\general_scanned_009_scan.jpg,general_scanned,genuine,test,general_scanned_009
C:\Users\rajsa\Desktop\document-forgery-ai\dataset\docs\general_scanned_009_comp.jpg,general_scanned,genuine,test,general_scanned_009
C:\Users\rajsa\Desktop\document-forgery-ai\dataset\docs\general_scanned_009_shot.png,general_scanned,genuine,test,general_scanned_009
C:\Users\rajsa\Desktop\document-forgery-ai\dataset\docs\general_scanned_009_forged_orig.jpg,general_scanned,forged,test,general_scanned_009
C:\Users\rajsa\Desktop\document-forgery-ai\dataset\docs\general_scanned_009_forged_scan.jpg,general_scanned,forged,test,general_scanned_009
C:\Users\rajsa\Desktop\document-forgery-ai\dataset\docs\general_scanned_009_forged_comp.jpg,general_scanned,forged,test,general_scanned_009
C:\Users\rajsa\Desktop\document-forgery-ai\dataset\docs\general_scanned_012_orig.jpg,general_scanned,genuine,test,general_scanned_012
C:\Users\rajsa\Desktop\document-forgery-ai\dataset\docs\general_scanned_012_scan.jpg,general_scanned,genuine,test,general_scanned_012
C:\Users\rajsa\Desktop\document-forgery-ai\dataset\docs\general_scanned_012_comp.jpg,general_scanned,genuine,test,general_scanned_012
C:\Users\rajsa\Desktop\document-forgery-ai\dataset\docs\general_scanned_012_shot.png,general_scanned,genuine,test,general_scanned_012
C:\Users\rajsa\Desktop\document-forgery-ai\dataset\docs\general_scanned_012_forged_orig.jpg,general_scanned,forged,test,general_scanned_012
C:\Users\rajsa\Desktop\document-forgery-ai\dataset\docs\general_scanned_012_forged_scan.jpg,general_scanned,forged,test,general_scanned_012
C:\Users\rajsa\Desktop\document-forgery-ai\dataset\docs\general_scanned_012_forged_comp.jpg,general_scanned,forged,test,general_scanned_012
C:\Users\rajsa\Desktop\document-forgery-ai\dataset\docs\general_scanned_016_orig.jpg,general_scanned,genuine,test,general_scanned_016
C:\Users\rajsa\Desktop\document-forgery-ai\dataset\docs\general_scanned_016_scan.jpg,general_scanned,genuine,test,general_scanned_016
C:\Users\rajsa\Desktop\document-forgery-ai\dataset\docs\general_scanned_016_comp.jpg,general_scanned,genuine,test,general_scanned_016
C:\Users\rajsa\Desktop\document-forgery-ai\dataset\docs\general_scanned_016_shot.png,general_scanned,genuine,test,general_scanned_016
C:\Users\rajsa\Desktop\document-forgery-ai\dataset\docs\general_scanned_016_forged_orig.jpg,general_scanned,forged,test,general_scanned_016
C:\Users\rajsa\Desktop\document-forgery-ai\dataset\docs\general_scanned_016_forged_scan.jpg,general_scanned,forged,test,general_scanned_016
C:\Users\rajsa\Desktop\document-forgery-ai\dataset\docs\general_scanned_016_forged_comp.jpg,general_scanned,forged,test,general_scanned_016
C:\Users\rajsa\Desktop\document-forgery-ai\dataset\docs\marksheet_015_orig.jpg,marksheet,genuine,test,marksheet_015
C:\Users\rajsa\Desktop\document-forgery-ai\dataset\docs\marksheet_015_scan.jpg,marksheet,genuine,test,marksheet_015
C:\Users\rajsa\Desktop\document-forgery-ai\dataset\docs\marksheet_015_comp.jpg,marksheet,genuine,test,marksheet_015
C:\Users\rajsa\Desktop\document-forgery-ai\dataset\docs\marksheet_015_shot.png,marksheet,genuine,test,marksheet_015
C:\Users\rajsa\Desktop\document-forgery-ai\dataset\docs\marksheet_015_forged_orig.jpg,marksheet,forged,test,marksheet_015
C:\Users\rajsa\Desktop\document-forgery-ai\dataset\docs\marksheet_015_forged_scan.jpg,marksheet,forged,test,marksheet_015
C:\Users\rajsa\Desktop\document-forgery-ai\dataset\docs\marksheet_015_forged_comp.jpg,marksheet,forged,test,marksheet_015
C:\Users\rajsa\Desktop\document-forgery-ai\dataset\docs\certificate_004_forged_orig.jpg,certificate,forged,test,certificate_004
C:\Users\rajsa\Desktop\document-forgery-ai\dataset\docs\certificate_004_forged_scan.jpg,certificate,forged,test,certificate_004
C:\Users\rajsa\Desktop\document-forgery-ai\dataset\docs\certificate_004_forged_comp.jpg,certificate,forged,test,certificate_004
C:\Users\rajsa\Desktop\document-forgery-ai\dataset\docs\certificate_004_orig.jpg,certificate,genuine,test,certificate_004
C:\Users\rajsa\Desktop\document-forgery-ai\dataset\docs\certificate_004_scan.jpg,certificate,genuine,test,certificate_004
C:\Users\rajsa\Desktop\document-forgery-ai\dataset\docs\certificate_004_comp.jpg,certificate,genuine,test,certificate_004
C:\Users\rajsa\Desktop\document-forgery-ai\dataset\docs\certificate_004_shot.png,certificate,genuine,test,certificate_004
C:\Users\rajsa\Desktop\document-forgery-ai\dataset\docs\certificate_015_orig.jpg,certificate,genuine,test,certificate_015
C:\Users\rajsa\Desktop\document-forgery-ai\dataset\docs\certificate_015_scan.jpg,certificate,genuine,test,certificate_015
C:\Users\rajsa\Desktop\document-forgery-ai\dataset\docs\certificate_015_comp.jpg,certificate,genuine,test,certificate_015
C:\Users\rajsa\Desktop\document-forgery-ai\dataset\docs\certificate_015_shot.png,certificate,genuine,test,certificate_015
C:\Users\rajsa\Desktop\document-forgery-ai\dataset\docs\certificate_015_forged_orig.jpg,certificate,forged,test,certificate_015
C:\Users\rajsa\Desktop\document-forgery-ai\dataset\docs\certificate_015_forged_scan.jpg,certificate,forged,test,certificate_015
C:\Users\rajsa\Desktop\document-forgery-ai\dataset\docs\certificate_015_forged_comp.jpg,certificate,forged,test,certificate_015
C:\Users\rajsa\Desktop\document-forgery-ai\dataset\docs\marksheet_002_orig.jpg,marksheet,genuine,test,marksheet_002
C:\Users\rajsa\Desktop\document-forgery-ai\dataset\docs\marksheet_002_scan.jpg,marksheet,genuine,test,marksheet_002
C:\Users\rajsa\Desktop\document-forgery-ai\dataset\docs\marksheet_002_comp.jpg,marksheet,genuine,test,marksheet_002
C:\Users\rajsa\Desktop\document-forgery-ai\dataset\docs\marksheet_002_shot.png,marksheet,genuine,test,marksheet_002
C:\Users\rajsa\Desktop\document-forgery-ai\dataset\docs\marksheet_002_forged_orig.jpg,marksheet,forged,test,marksheet_002
C:\Users\rajsa\Desktop\document-forgery-ai\dataset\docs\marksheet_002_forged_scan.jpg,marksheet,forged,test,marksheet_002
C:\Users\rajsa\Desktop\document-forgery-ai\dataset\docs\marksheet_002_forged_comp.jpg,marksheet,forged,test,marksheet_002
